Theta,Phi,Power
0,0,0,2.540346087811312e-15
1,0,5,2.3419322552242205e-15
2,0,10,1.800876191759383e-15
3,0,15,1.0625184976957494e-15
4,0,20,3.1754094586978483e-16
5,0,25,-2.56986021230438e-16
6,0,30,-5.500017638002156e-16
7,0,35,-5.452082537822682e-16
8,0,40,-3.1754125255904875e-16
9,0,45,2.383316724842052e-21
10,0,50,2.66452140872557e-16
11,0,55,3.8175970826208437e-16
12,0,60,3.175418014908978e-16
13,0,65,1.1983109622626706e-16
14,0,70,-1.1557887318832936e-16
15,0,75,-2.847028687112961e-16
16,0,80,-3.1754266664882075e-16
17,0,85,-2.048900813997403e-16
18,0,90,3.3705210719054634e-21
19,0,95,2.048953126282569e-16
20,0,100,3.175440038471232e-16
21,0,105,2.846995817108931e-16
22,0,110,1.1557224376594723e-16
23,0,115,-1.1983823385812836e-16
24,0,120,-3.175461799049631e-16
25,0,125,-3.817589885609092e-16
26,0,130,-2.664459930840832e-16
27,0,135,7.14996914767546e-21
28,0,140,3.175502904046391e-16
29,0,145,5.452123607346772e-16
30,0,150,5.499975505546363e-16
31,0,155,2.569724948177708e-16
32,0,160,-3.175617819018617e-16
33,0,165,-1.0625420428887565e-15
34,0,170,-1.8008965525204827e-15
35,0,175,-2.3419440379733674e-15
36,0,180,-2.5403460876234878e-15
37,0,185,-2.3419204721509187e-15
38,0,190,-1.800855830812213e-15
39,0,195,-1.0624949524977436e-15
40,0,200,-3.1752011000065817e-16
41,0,205,2.569995473751547e-16
42,0,210,5.500059767630773e-16
43,0,215,5.452041466191247e-16
44,0,220,3.1753221462975484e-16
45,0,225,-1.1916552002316255e-20
46,0,230,-2.6645828851545046e-16
47,0,235,-3.8176042779123e-16
48,0,240,-3.1753742294938004e-16
49,0,245,-1.1982395855890887e-16
50,0,250,1.1558550254663402e-16
51,0,255,2.847061555807262e-16
52,0,260,3.1754132931090183e-16
53,0,265,2.0488485008275933e-16
54,0,270,-1.011156321364643e-20
55,0,275,-2.0490054376830684e-16
56,0,280,-3.175453409058089e-16
57,0,285,-2.8469629457951825e-16
58,0,290,-1.155656142794877e-16
59,0,295,1.1984537145449317e-16
60,0,300,3.175505581915768e-16
61,0,305,3.817582686877042e-16
62,0,310,2.6643984515003175e-16
63,0,315,-1.6683305612177448e-20
64,0,320,-3.1755932816652224e-16
65,0,325,-5.452164674763466e-16
66,0,330,-5.499933370263379e-16
67,0,335,-2.5695896813715465e-16
68,0,340,3.175826180968855e-16
69,0,345,1.0625655880767619e-15
70,0,350,1.8009169130955054e-15
71,0,355,2.3419558203983573e-15
72,0,360,2.540346087060017e-15
73,5,0,3.5609006199595727
74,5,5,3.2827763349033363
75,5,10,2.524357282842297
76,5,15,1.4893729619427882
77,5,20,0.4451093323211214
78,5,25,-0.3602271701132012
79,5,30,-0.7709585835930073
80,5,35,-0.7642393366067047
81,5,40,-0.4451097622192346
82,5,45,3.3407865344686247e-06
83,5,50,0.3734961933632084
84,5,55,0.5351272365401473
85,5,60,0.4451105316780777
86,5,65,0.1679718471785817
87,5,70,-0.16201134292892475
88,5,75,-0.3990789391109235
89,5,80,-0.44511174440314644
90,5,85,-0.287202291601338
91,5,90,4.724588760610811e-06
92,5,95,0.28720962441514525
93,5,100,0.4451136188053341
94,5,105,0.3990743315962903
95,5,110,0.1620020502131079
96,5,115,-0.16798185227113266
97,5,120,-0.4451166690691341
98,5,125,-0.535126227707385
99,5,130,-0.37348757577212793
100,5,135,1.0022386198797519e-05
101,5,140,0.44512243091430737
102,5,145,0.764245093479538
103,5,150,0.7709526777249575
104,5,155,0.3602082096213676
105,5,160,-0.4451385389870541
106,5,165,-1.489405966143585
107,5,170,-2.5243858233026577
108,5,175,-3.282792851235085
109,5,180,-3.5609006196962922
110,5,185,-3.2827598181172073
111,5,190,-2.524328742121113
112,5,195,-1.4893399577349844
113,5,200,-0.44508012588360235
114,5,205,0.36024613022943835
115,5,210,0.7709644890647608
116,5,215,0.7642335794384773
117,5,220,0.44509709340683135
118,5,225,-1.670388834672052e-05
119,5,230,-0.3735048107502233
120,5,235,-0.5351282451317692
121,5,240,-0.4451043941083663
122,5,245,-0.16796184203627343
123,5,250,0.16202063555492177
124,5,255,0.39908354644196686
125,5,260,0.44510986980525313
126,5,265,0.2871949586635268
127,5,270,-1.4173766278930892e-05
128,5,275,-0.2872169571049454
129,5,280,-0.4451154930118154
130,5,285,-0.39906972389806894
131,5,290,-0.16199275740747127
132,5,295,0.16799185731392674
133,5,300,0.4451228062815367
134,5,305,0.5351252186334821
135,5,310,0.3734789579769856
136,5,315,-2.3385629848790227e-05
137,5,320,-0.44513509949204455
138,5,325,-0.764250850056969
139,5,330,-0.7709467714606095
140,5,335,-0.3601892487539397
141,5,340,0.4451677458813956
142,5,345,1.4894389703373712
143,5,350,2.5244143635021876
144,5,355,3.2828093671124496
145,5,360,3.5609006189064534
146,10,0,6.7696839600104814
147,10,5,6.240937524100129
148,10,10,4.799095181484495
149,10,15,2.8314702731164303
150,10,20,0.8462043255505065
151,10,25,-0.6848335170620379
152,10,30,-1.4656814424776716
153,10,35,-1.4529073767563325
154,10,40,-0.8462051428365451
155,10,45,6.351221623384709e-06
156,10,50,0.7100594650587555
157,10,55,1.017338773641961
158,10,60,0.8462066056668074
159,10,65,0.3193339104170468
160,10,70,-0.3080023024001583
161,10,75,-0.7586952238245533
162,10,80,-0.8462089111974364
163,10,85,-0.5460047763854483
164,10,90,8.981989716611616e-06
165,10,95,0.5460187169126662
166,10,100,0.846212474652803
167,10,105,0.7586864644062946
168,10,110,0.30798463587252267
169,10,115,-0.31935293125525294
170,10,120,-0.8462182735571041
171,10,125,-1.0173368557341906
172,10,130,-0.7100430820213339
173,10,135,1.905371543106987e-05
174,10,140,0.8462292274912383
175,10,145,1.452918321237473
176,10,150,1.4656702147393905
177,10,155,0.6847974709739444
178,10,160,-0.8462598508007146
179,10,165,-2.831533017919667
180,10,170,-4.799149440200854
181,10,175,-6.240968923557192
182,10,180,-6.769683959509956
183,10,185,-6.240906123779238
184,10,190,-4.799040922272284
185,10,195,-2.8314075282998714
186,10,200,-0.8461488007345389
187,10,205,0.6848695624360792
188,10,210,1.4656926694625478
189,10,215,1.452896431713613
190,10,220,0.8461810579587931
191,10,225,-3.1756023848787934e-05
192,10,230,-0.7100758477082248
193,10,235,-1.0173406910912957
194,10,240,-0.8461949374368668
195,10,245,-0.3193148894842462
196,10,250,0.3080199687570361
197,10,255,0.7587039828937865
198,10,260,0.8462053473700105
199,10,265,0.5459908356224847
200,10,270,-2.6945969144318684e-05
201,10,275,-0.5460326572041323
202,10,280,-0.8462160377361092
203,10,285,-0.7586777046390135
204,10,290,-0.30796696917412925
205,10,295,0.31937195199886564
206,10,300,0.8462299411077592
207,10,305,1.0173349373679834
208,10,310,0.7100266985959671
209,10,315,-4.445878730642443e-05
210,10,320,-0.8462533119228628
211,10,325,-1.4529292651570198
212,10,330,-1.4656589862477003
213,10,335,-0.6847614241718024
214,10,340,0.8463153764851546
215,10,345,2.8315957627095765
216,10,350,4.7992036984213415
217,10,355,6.241000322150417
218,10,360,6.76968395800838
219,15,0,9.299061953326277
220,15,5,8.5727583482872
221,15,10,6.592195983764188
222,15,15,3.889401284350442
223,15,20,1.1623742696039616
224,15,25,-0.9407099859450984
225,15,30,-2.0133085411300926
226,15,35,-1.9957616616538445
227,15,40,-1.162375392255115
228,15,45,8.724248237294146e-06
229,15,50,0.9753611830524596
230,15,55,1.3974502117825491
231,15,60,1.1623774016471806
232,15,65,0.43864762879735136
233,15,70,-0.4230821569670103
234,15,75,-1.0421688710600228
235,15,80,-1.1623805686003619
236,15,85,-0.7500102327395034
237,15,90,1.2337958364422913e-05
238,15,95,0.7500293819090993
239,15,100,1.1623854634805983
240,15,105,1.0421568388331797
241,15,110,0.42305788963991586
242,15,115,-0.43867375645027107
243,15,120,-1.1623934290474809
244,15,125,-1.397447577280956
245,15,130,-0.9753386787700045
246,15,135,2.617281416402979e-05
247,15,140,1.1624084757339657
248,15,145,1.9957766953553844
249,15,150,2.013293118337169
250,15,155,0.9406604718454246
251,15,160,-1.1624505409254455
252,15,165,-3.889487472688923
253,15,170,-6.592270515332855
254,15,175,-8.572801479620692
255,15,180,-9.299061952638738
256,15,185,-8.572715215767124
257,15,190,-6.5921214515144
258,15,195,-3.889315095993662
259,15,200,-1.1622979988789648
260,15,205,0.9407594990639266
261,15,210,2.0133239628881143
262,15,215,1.9957466271809015
263,15,220,1.1623423084698634
264,15,225,-4.362112543297051e-05
265,15,230,-0.9753836868020105
266,15,235,-1.3974528456544197
267,15,240,-1.1623613737803342
268,15,245,-0.43862150101449354
269,15,250,0.4231064240595461
270,15,255,1.0421809028074327
271,15,260,1.1623756732090529
272,15,265,0.7499910832460792
273,15,270,-3.701387508569155e-05
274,15,275,-0.7500485307548588
275,15,280,-1.1623903578497603
276,15,285,-1.0421448061269076
277,15,290,-0.4230336220782628
278,15,295,0.43869988397325405
279,15,300,1.1624094559812383
280,15,305,1.3974449421496389
281,15,310,0.9753161739546552
282,15,315,-6.10700617598043e-05
283,15,320,-1.1624415589064019
284,15,325,-1.9957917282855004
285,15,330,-2.0132776945093385
286,15,335,-0.9406109567649099
287,15,340,1.162526812843405
288,15,345,3.889573661009096
289,15,350,6.5923450462203785
290,15,355,8.572844609767591
291,15,360,9.299061950576125
292,20,0,10.869706547208663
293,20,5,10.020727683471707
294,20,10,7.705641300687661
295,20,15,4.546334976304079
296,20,20,1.3587034124556665
297,20,25,-1.0995992439424962
298,20,30,-2.3533635049334145
299,20,35,-2.3328528951876826
300,20,40,-1.3587047247265875
301,20,45,1.0197804752819084e-05
302,20,50,1.1401031513212154
303,20,55,1.6334845162503173
304,20,60,1.3587070735121103
305,20,65,0.5127367713633332
306,20,70,-0.4945422360527978
307,20,75,-1.2181948951319905
308,20,80,-1.3587107753749326
309,20,85,-0.8766896250611558
310,20,90,1.4421883356200722e-05
311,20,95,0.8767120085935136
312,20,100,1.3587164970178276
313,20,105,1.2181808306192958
314,20,110,0.49451386988796037
315,20,115,-0.5127673120696356
316,20,120,-1.35872580799725
317,20,125,-1.6334814367720474
318,20,130,-1.1400768459855193
319,20,135,3.059349544131898e-05
320,20,140,1.3587433961225273
321,20,145,2.3328704681348116
322,20,150,2.3533454771759845
323,20,155,1.099541366735515
324,20,160,-1.3587925662742626
325,20,165,-4.546435722159067
326,20,170,-7.70572842090301
327,20,175,-10.020778099840626
328,20,180,-10.869706546404995
329,20,185,-10.020677265715783
330,20,190,-7.705554179676149
331,20,195,-4.546234230427701
332,20,200,-1.3586142593343065
333,20,205,1.0996571200029635
334,20,210,2.3533815314811437
335,20,215,2.332835321338858
336,20,220,1.358666052972494
337,20,225,-5.098888845941785e-05
338,20,230,-1.140129456033998
339,20,235,-1.6334875949925025
340,20,240,-1.3586883384816233
341,20,245,-0.5127062305051455
342,20,250,0.49457060194345887
343,20,255,1.2182089590842748
344,20,260,1.3587050531346434
345,20,265,0.876667241150274
346,20,270,-4.326565005974516e-05
347,20,275,-0.876734391747338
348,20,280,-1.3587222180633256
349,20,285,-1.218166765546195
350,20,290,-0.4944855034489465
351,20,295,0.5127978526240544
352,20,300,1.358744541937046
353,20,305,1.6334783565576911
354,20,310,1.1400505400269212
355,20,315,-7.138501210990812e-05
356,20,320,-1.3587820671602984
357,20,325,-2.332888040180221
358,20,330,-2.3533274482088484
359,20,335,-1.0994834883820255
360,20,340,1.3588817207900805
361,20,345,4.546536467992655
362,20,350,7.705815540322168
363,20,355,10.020828514822531
364,20,360,10.869706543993997
365,25,0,11.270099472475021
366,25,5,10.389847903328347
367,25,10,7.9894837621226396
368,25,15,4.7138022719939165
369,25,20,1.4087521632218232
370,25,25,-1.140103719016469
371,25,30,-2.440051226801799
372,25,35,-2.418785095000396
373,25,40,-1.4087535238311228
374,25,45,1.0573447725197666e-05
375,25,50,1.1820996149681684
376,25,55,1.6936550131260333
377,25,60,1.4087559591357346
378,25,65,0.5316237739596004
379,25,70,-0.5127590307473883
380,25,75,-1.2630679204973074
381,25,80,-1.408759797359155
382,25,85,-0.9089830749352965
383,25,90,1.4953123094804548e-05
384,25,95,0.9090062829800698
385,25,100,1.4087657297626004
386,25,105,1.2630533379088618
387,25,110,0.5127296196958587
388,25,115,-0.531655439653287
389,25,120,-1.4087753837181898
390,25,125,-1.6936518202131177
391,25,130,-1.1820723406578029
392,25,135,3.172042734887985e-05
393,25,140,1.408793619713849
394,25,145,2.4188033152588093
395,25,150,2.440032534979842
396,25,155,1.1400437098637808
397,25,160,-1.408844601081076
398,25,165,-4.713906728889991
399,25,170,-7.989574091469507
400,25,175,-10.389900176818005
401,25,180,-11.270099471641752
402,25,185,-10.389795628400595
403,25,190,-7.989393431950281
404,25,195,-4.7136978150756645
405,25,200,-1.40865972608549
406,25,205,1.1401637269804106
407,25,210,2.4400699173694944
408,25,215,2.418766873807072
409,25,220,1.4087134275770508
410,25,225,-5.28670983372723e-05
411,25,230,-1.1821268886326752
412,25,235,-1.69365820527575
413,25,240,-1.4087365339878437
414,25,245,-0.5315921081084338
415,25,250,0.512788441514642
416,25,255,1.2630825025046992
417,25,260,1.4087538643363096
418,25,265,0.9089598664980563
419,25,270,-4.4859369275230395e-05
420,25,275,-0.9090294906323658
421,25,280,-1.4087716615466437
422,25,285,-1.263038754739367
423,25,290,-0.5127002083600534
424,25,295,0.5316871051894955
425,25,300,1.4087948077352135
426,25,305,1.6936486265370014
427,25,310,1.1820450657015902
428,25,315,-7.401452687138993e-05
429,25,320,-1.4088337152252128
430,25,325,-2.4188215345822877
431,25,330,-2.4400138419036193
432,25,335,-1.1399836995223518
433,25,340,1.408937039663233
434,25,345,4.714011185763876
435,25,350,7.989664419990853
436,25,355,10.389952448869554
437,25,360,11.270099469141943
438,30,0,10.371742054952202
439,30,5,9.561656727759322
440,30,10,7.352629400951259
441,30,15,4.33805765269184
442,30,20,1.2964583047361435
443,30,25,-1.0492242520494512
444,30,30,-2.245550892169734
445,30,35,-2.225979917300394
446,30,40,-1.2964595568891286
447,30,45,9.730621518035974e-06
448,30,50,1.0878725888490894
449,30,55,1.558651098787703
450,30,60,1.2964617980717656
451,30,65,0.4892472038295411
452,30,70,-0.47188619907462875
453,30,75,-1.1623867829452275
454,30,80,-1.296465330344339
455,30,85,-0.8365265993056726
456,30,90,1.3761186051111413e-05
457,30,95,0.8365479574005658
458,30,100,1.2964707898665422
459,30,105,1.1623733627579238
460,30,110,0.4718591324244386
461,30,115,-0.4892763454008033
462,30,120,-1.296479674290094
463,30,125,-1.5586481603869153
464,30,130,-1.0878474886170524
465,30,135,2.919194201780922e-05
466,30,140,1.2964964566657555
467,30,145,2.225996685193251
468,30,150,2.2455336903024086
469,30,155,1.0491690263210414
470,30,160,-1.2965433742277326
471,30,165,-4.338153783163855
472,30,170,-7.352712530003313
473,30,175,-9.56170483444661
474,30,180,-10.371742054185352
475,30,185,-9.56160861974857
476,30,190,-7.3525462711395155
477,30,195,-4.337961522199416
478,30,200,-1.296373235909849
479,30,205,1.0492794766838713
480,30,210,2.2455680928827775
481,30,215,2.22596314854715
482,30,220,1.2964226567707557
483,30,225,-4.865297848409882e-05
484,30,230,-1.08789768848675
485,30,235,-1.5586540364861272
486,30,240,-1.2964439213330736
487,30,245,-0.48921806211335195
488,30,250,0.47191326546320306
489,30,255,1.162400202597794
490,30,260,1.2964598702521093
491,30,265,0.8365052408495967
492,30,270,-4.128355814488299e-05
493,30,275,-0.8365693151342666
494,30,280,-1.2964762488187165
495,30,285,-1.1623599420358877
496,30,290,-0.4718320655126327
497,30,295,0.48930548682714015
498,30,300,1.296497549988062
499,30,305,1.5586452212837631
500,30,310,1.0878223877906499
501,30,315,-6.811471211094815e-05
502,30,320,-1.2965333561006223
503,30,325,-2.2260134522256974
504,30,330,-2.2455164872807956
505,30,335,-1.0491137994986475
506,30,340,1.2966284443846021
507,30,345,4.33824991361545
508,30,350,7.35279565829565
509,30,355,9.561752939810427
510,30,360,10.371742051884809
511,35,0,8.138682492107915
512,35,5,7.5030103712041525
513,35,10,5.769591632671556
514,35,15,3.404064011682611
515,35,20,1.017327894446232
516,35,25,-0.8233238934410854
517,35,30,-1.7620786975234262
518,35,35,-1.7467213978838225
519,35,40,-1.0173288770078424
520,35,45,7.635596659324448e-06
521,35,50,0.8536511557653655
522,35,55,1.2230699859095853
523,35,60,1.0173306356587801
524,35,65,0.3839111723974115
525,35,70,-0.3702880312996494
526,35,75,-0.9121222750518513
527,35,80,-1.0173334074250657
528,35,85,-0.6564205272248285
529,35,90,1.079837151670624e-05
530,35,95,0.6564372868735018
531,35,100,1.0173376914997692
532,35,105,0.9121117442612792
533,35,110,0.3702667921605679
534,35,115,-0.3839340397223573
535,35,120,-1.0173446630868015
536,35,125,-1.2230676801531444
537,35,130,-0.8536314596701536
538,35,135,2.2906850763564253e-05
539,35,140,1.0173578321789607
540,35,145,1.7467345556113574
541,35,150,1.7620651992571086
542,35,155,0.8232805579371226
543,35,160,-1.0173946482835468
544,35,165,-3.4041394450462055
545,35,170,-5.769656863850363
546,35,175,-7.503048120412677
547,35,180,-8.138682491506168
548,35,185,-7.502972620957111
549,35,190,-5.769526400896621
550,35,195,-3.403988578303
551,35,200,-1.017261141130972
552,35,205,0.8233672280865967
553,35,210,1.7620921948839812
554,35,215,1.7467082394811435
555,35,220,1.017299921568557
556,35,225,-3.8177881987372944e-05
557,35,230,-0.8536708513941718
558,35,235,-1.223072291114883
559,35,240,-1.0173166078224303
560,35,245,-0.38388830495874193
561,35,250,0.3703092702334415
562,35,255,0.9121328054228165
563,35,260,1.0173291229030634
564,35,265,0.6564037672927356
565,35,270,-3.239511454348705e-05
566,35,275,-0.6564540462387484
567,35,280,-1.0173419751271726
568,35,285,-0.9121012130511035
569,35,290,-0.37024555281619714
570,35,295,0.3839569069335804
571,35,300,1.0173586901064975
572,35,305,1.2230653738455597
573,35,310,0.8536117631085446
574,35,315,-5.3449460271493366e-05
575,35,320,-1.0173867870819007
576,35,325,-1.7467477126637305
577,35,330,-1.7620517000850249
578,35,335,-0.8232372215747129
579,35,340,1.0174614026429059
580,35,345,3.404214878393777
581,35,350,5.769722094433024
582,35,355,7.503085868582675
583,35,360,8.138682489700939
584,40,0,4.630705463192364
585,40,5,4.269024028153886
586,40,10,3.282752401228195
587,40,15,1.9368267322433064
588,40,20,0.5788339627744857
589,40,25,-0.4684505698596172
590,40,30,-1.0025784221351612
591,40,35,-0.9938405052290828
592,40,40,-0.578834521827308
593,40,45,4.3444622885035705e-06
594,40,50,0.48570601869484253
595,40,55,0.695896033677465
596,40,60,0.5788355224554211
597,40,65,0.21843579290937976
598,40,70,-0.21068456855968667
599,40,75,-0.5189746136770722
600,40,80,-0.5788370995206641
601,40,85,-0.3734867559361376
602,40,90,6.144001565914555e-06
603,40,95,0.3734962917543426
604,40,100,0.5788395370513275
605,40,105,0.518968621922328
606,40,110,0.21067248402420155
607,40,115,-0.21844880384163537
608,40,120,-0.5788435037088533
609,40,125,-0.6958947217600929
610,40,130,-0.4856948121124762
611,40,135,1.3033421450981782e-05
612,40,140,0.5788509965907868
613,40,145,0.9938479916448312
614,40,150,1.0025707419614183
615,40,155,0.46842591304874576
616,40,160,-0.5788719440275255
617,40,165,-1.93686965192831
618,40,170,-3.282789516126874
619,40,175,-4.269045506503277
620,40,180,-4.630705462849987
621,40,185,-4.269002549213606
622,40,190,-3.282715285990334
623,40,195,-1.9367838125491903
624,40,200,-0.5787959818184821
625,40,205,0.46847522618205145
626,40,210,1.0025861017935485
627,40,215,0.9938330184291945
628,40,220,0.578818046911249
629,40,225,-2.1722253800105257e-05
630,40,230,-0.48571722501183573
631,40,235,-0.6958973452812506
632,40,240,-0.5788275409696604
633,40,245,-0.21842278191241812
634,40,250,0.21069665297836737
635,40,255,0.5189806051930707
636,40,260,0.5788346617354989
637,40,265,0.3734772199566742
638,40,270,-1.843200469397041e-05
639,40,275,-0.37350582741128496
640,40,280,-0.5788419743274884
641,40,285,-0.5189626299288398
642,40,290,-0.21066039937191197
643,40,295,0.21846181470918571
644,40,300,0.5788514847299586
645,40,305,0.6958934095291338
646,40,310,0.4856836052647415
647,40,315,-3.0411397412774964e-05
648,40,320,-0.5788674712016786
649,40,325,-0.9938554776764295
650,40,330,-1.0025630612723166
651,40,335,-0.46840125574943964
652,40,340,0.5789099255775952
653,40,345,1.9369125716041966
654,40,350,3.28282663068636
655,40,355,4.269066984261772
656,40,360,4.630705461822855
657,45,0,-3.892256753320083e-05
658,45,5,-3.588251884241556e-05
659,45,10,-2.75925888716524e-05
660,45,15,-1.627965109961414e-05
661,45,20,-4.8652854701470075e-06
662,45,25,3.937477580091544e-06
663,45,30,8.426993824820745e-06
664,45,35,8.353548825224102e-06
665,45,40,4.865290169165635e-06
666,45,45,-3.6516601663356526e-11
667,45,50,-4.082515172731206e-06
668,45,55,-5.849229794940329e-06
669,45,60,-4.865298579766485e-06
670,45,65,-1.8360230355316856e-06
671,45,70,1.7708715039531835e-06
672,45,75,4.362148404691904e-06
673,45,80,4.865311835506655e-06
674,45,85,3.139276206666511e-06
675,45,90,-5.164230758665869e-11
676,45,95,-3.139356358282937e-06
677,45,100,-4.865332323735202e-06
678,45,105,-4.362098042067779e-06
679,45,110,-1.7707699295489668e-06
680,45,115,1.8361323965984636e-06
681,45,120,4.865365664766424e-06
682,45,125,5.84921876785322e-06
683,45,130,4.08242097780509e-06
684,45,135,-1.0955009569206824e-10
685,45,140,-4.865428644846974e-06
686,45,145,-8.353611750954287e-06
687,45,150,-8.426929270492348e-06
688,45,155,-3.937270331672502e-06
689,45,160,4.865604714784393e-06
690,45,165,1.6280011853359186e-05
691,45,170,2.7592900834302975e-05
692,45,175,3.588269937484443e-05
693,45,180,3.8922567530323034e-05
694,45,185,3.5882338305020065e-05
695,45,190,2.7592276906150898e-05
696,45,195,1.6279290345792498e-05
697,45,200,4.864966228006305e-06
698,45,205,-3.937684824405115e-06
699,45,210,-8.42705837481741e-06
700,45,215,-8.353485896265097e-06
701,45,220,-4.865151692201811e-06
702,45,225,1.825825238137809e-10
703,45,230,4.0826093654267755e-06
704,45,235,5.8492408193916416e-06
705,45,240,4.865231492813751e-06
706,45,245,1.8359136739210327e-06
707,45,250,-1.7709730773756213e-06
708,45,255,-4.362198765309293e-06
709,45,260,-4.86529134513894e-06
710,45,265,-3.1391960536946555e-06
711,45,270,1.549269227282607e-10
712,45,275,3.1394365085438983e-06
713,45,280,4.8653528098245724e-06
714,45,285,4.362047677436935e-06
715,45,290,1.770668354162971e-06
716,45,295,-1.8362417571213729e-06
717,45,300,-4.86543274781358e-06
718,45,305,-5.849207738130314e-06
719,45,310,-4.082326780648468e-06
720,45,315,2.556175682056268e-10
721,45,320,4.86556711924577e-06
722,45,325,8.353674673455569e-06
723,45,330,8.426864711832198e-06
724,45,335,3.937063079148009e-06
725,45,340,-4.86592396191841e-06
726,45,345,-1.6280372607027603e-05
727,45,350,-2.759321279410252e-05
728,45,355,-3.5882879902306635e-05
729,45,360,-3.892256752168967e-05
730,50,0,-5.518742459375308
731,50,5,-5.087700859303728
732,50,10,-3.91229051475557
733,50,15,-2.308254759160492
734,50,20,-0.6898377779980434
735,50,25,0.5582860042712748
736,50,30,1.1948443171499914
737,50,35,1.1844307174470157
738,50,40,0.6898384442612233
739,50,45,-5.177606022515339e-06
740,50,50,-0.5788505551587085
741,50,55,-0.8293490093233248
742,50,60,-0.6898396367812178
743,50,65,-0.26032553669376585
744,50,70,0.2510878489870412
745,50,75,0.618499116085669
746,50,80,0.6898415162825134
747,50,85,0.44511084420777425
748,50,90,-7.322245515676948e-06
749,50,95,-0.4451222087234471
750,50,100,-0.6898444212619115
751,50,105,-0.6184919752835653
752,50,110,-0.25107344698293754
753,50,115,0.26034104275107095
754,50,120,0.6898491486110127
755,50,125,0.8293474458176857
756,50,130,0.5788371994740464
757,50,135,-1.5532859285522243e-05
758,50,140,-0.6898580784136091
759,50,145,-1.1844396395433976
760,50,150,-1.1948351641383677
761,50,155,-0.5582566189885894
762,50,160,0.68988304297019
763,50,165,2.3083059096147487
764,50,170,3.9123347472313434
765,50,175,5.087726456586838
766,50,180,5.518742458967272
767,50,185,5.087675261316412
768,50,190,3.91224628187557
769,50,195,2.308203608695375
770,50,200,0.6897925133798959
771,50,205,-0.5583153889718548
772,50,210,-1.1948534695474289
773,50,215,-1.1844217948928268
774,50,220,-0.6898188099269967
775,50,225,2.5887961415996366e-05
776,50,230,0.5788639105271065
777,50,235,0.8293505724552405
778,50,240,0.6898301246745407
779,50,245,0.26031003055934604
780,50,250,-0.2511022508519406
781,50,255,-0.6185062566032423
782,50,260,-0.6898386109998077
783,50,265,-0.44509947949991824
784,50,270,2.1966736542533987e-05
785,50,275,0.44513357304693163
786,50,280,0.6898473259380005
787,50,285,0.6184848341969335
788,50,290,0.2510590448396297
789,50,295,-0.2603565487312621
790,50,300,-0.6898586601639267
791,50,305,-0.8293458819383227
792,50,310,-0.5788238434731259
793,50,315,3.624343450147126e-05
794,50,320,0.6898777123841463
795,50,325,1.1844485611819604
796,50,330,1.1948260105125543
797,50,335,0.5582272331238015
798,50,340,-0.6899283082963285
799,50,345,-2.3083570600581407
800,50,350,-3.9123789793028774
801,50,355,-5.087752053165736
802,50,360,-5.5187424577431665
803,55,0,-11.623325954170454
804,55,5,-10.71548561657183
805,55,10,-8.239889470319785
806,55,15,-4.861541854595727
807,55,20,-1.4529051515260514
808,55,25,1.1758367510468974
809,55,30,2.5165271010480574
810,55,35,2.4945944479853446
811,55,40,1.4529065547794497
812,55,45,-1.0904839808158754e-05
813,55,50,-1.2191488787327442
814,55,55,-1.7467374018798711
815,55,60,-1.4529090664111677
816,55,65,-0.5482858802453543
817,55,70,0.5288298798850387
818,55,75,1.302654885882064
819,55,80,1.4529130249318543
820,55,85,0.9374723437535761
821,55,90,-1.5421782583927637e-05
822,55,95,-0.9374962791828788
823,55,100,-1.4529191432681747
824,55,105,-1.3026398462473938
825,55,110,-0.5287995470348791
826,55,115,0.5483185384024702
827,55,120,1.452929099797204
828,55,125,1.7467341088949553
829,55,130,1.219120749593305
830,55,135,-3.2714606235914976e-05
831,55,140,-1.45294790734386
832,55,145,-2.4946132393015197
833,55,150,-2.5165078233886358
834,55,155,-1.1757748610925423
835,55,160,1.4530004865646837
836,55,165,4.861649585370793
837,55,170,8.239982630761219
838,55,175,10.715539528412673
839,55,180,11.623325953311069
840,55,185,10.71543170324782
841,55,190,8.239796309026985
842,55,195,4.86143412379779
843,55,200,1.4528098172329957
844,55,205,-1.1758986397752484
845,55,210,-2.516546377413907
846,55,215,-2.494575655704957
847,55,220,-1.452865201832055
848,55,225,5.4524054355160945e-05
849,55,230,1.2191770072060821
850,55,235,1.746740694077668
851,55,240,1.4528890324419739
852,55,245,0.5482532219258226
853,55,250,-0.5288602124420128
854,55,255,-1.3026699249174687
855,55,260,-1.4529069059567203
856,55,265,-0.9374484079195057
857,55,270,4.626534774231183e-05
858,55,275,0.9375202142074035
859,55,280,1.4529252609656795
860,55,285,1.302624806013464
861,55,290,0.5287692138915339
862,55,295,-0.5483511963971724
863,55,300,-1.452949132600087
864,55,305,-1.7467308151229186
865,55,310,-1.2190926197877767
866,55,315,7.633428376306462e-05
867,55,320,1.4529892595252685
868,55,325,2.4946320296534563
869,55,330,2.5164885444356364
870,55,335,1.1757129699121893
871,55,340,-1.4530958223488777
872,55,345,-4.861757316122973
873,55,350,-8.24007579035126
874,55,355,-10.715593438770336
875,55,360,-11.62332595073291
876,60,0,-17.9644621823129
877,60,5,-16.56134714650707
878,60,10,-12.735182972554126
879,60,15,-7.513768876392943
880,60,20,-2.245541401143656
881,60,25,1.8173176016952892
882,60,30,3.8894251194360314
883,60,35,3.85552704946394
884,60,40,2.2455435699456587
885,60,45,-1.6854004018321393e-05
886,60,50,-1.8842587752385402
887,60,55,-2.699674613120831
888,60,60,-2.245547451804706
889,60,65,-0.847404692908035
890,60,70,0.8173344200730425
891,60,75,2.013321705534464
892,60,80,2.2455535699068263
893,60,85,1.4489128613211377
894,60,90,-2.3835176876668092e-05
895,60,95,-1.4489498547872268
896,60,100,-2.245563026117715
897,60,105,-2.0132984609873072
898,60,110,-0.8172875390562214
899,60,115,0.847455167809175
900,60,120,2.2455784144575
901,60,125,2.6996695236392814
902,60,130,1.8842153001726538
903,60,135,-5.0562146226612986e-05
904,60,140,-2.245607482510996
905,60,145,-3.8555560924323737
906,60,150,-3.889395324798506
907,60,155,-1.8172219475125826
908,60,160,2.2456887464648583
909,60,165,7.513935379977386
910,60,170,12.735326956920876
911,60,175,16.56143047009533
912,60,180,17.964462180984672
913,60,185,16.5612638206265
914,60,190,12.73503898687155
915,60,195,7.513602372773148
916,60,200,2.2453940569747814
917,60,205,-1.8174132539831416
918,60,210,-3.889454912074273
919,60,215,-3.8554980050052654
920,60,220,-2.245479656788398
921,60,225,8.426979647234434e-05
922,60,230,1.8843022492749322
923,60,235,2.6996797013858465
924,60,240,2.2455164882506105
925,60,245,0.847354217755873
926,60,250,-0.8173813006367299
927,60,255,-2.0133449491554254
928,60,260,-2.2455441127086186
929,60,265,-1.4488758672294588
930,60,270,7.150553061536625e-05
931,60,275,1.4489868476277097
932,60,280,2.24557248134128
933,60,285,2.013275215513962
934,60,290,0.8172406575862666
935,60,295,-0.8475056424592957
936,60,300,-2.245609376209
937,60,305,-2.699664432941195
938,60,310,-1.8841718240772916
939,60,315,0.00011797865424082779
940,60,320,2.245671394484385
941,60,325,3.8555851339105267
942,60,330,3.8893655281616883
943,60,335,1.8171262914350315
944,60,340,-2.245836092938366
945,60,345,-7.514101883526461
946,60,350,-12.735470939971755
947,60,355,-16.56151379139126
948,60,360,-17.964462176999994
949,65,0,-24.168874442897092
950,65,5,-22.281163539827574
951,65,10,-17.13355151672865
952,65,15,-10.108810089805223
953,65,20,-3.0210872794178334
954,65,25,2.4449672076175313
955,65,30,5.232721492728635
956,65,35,5.187115997351287
957,65,40,3.0210901972621174
958,65,45,-2.267489573831751e-05
959,65,50,-2.5350279509900737
960,65,55,-3.6320651349882795
961,65,60,-3.021095419804432
962,65,65,-1.140074076104581
963,65,70,1.099618389692319
964,65,75,2.708665532004088
965,65,80,3.021103650924323
966,65,85,1.9493259897558899
967,65,90,-3.2067166353780994e-05
968,65,95,-1.9493757597088135
969,65,100,-3.021116373040429
970,65,105,-2.7086342594540938
971,65,110,-1.0995553173109807
972,65,115,1.1401419835952584
973,65,120,3.0211370760733605
974,65,125,3.6320582877451333
975,65,130,2.534969460877865
976,65,135,-6.802486772565755e-05
977,65,140,-3.0211761834024924
978,65,145,-5.187155070931692
979,65,150,-5.232681407874098
980,65,155,-2.4448385172115334
981,65,160,3.0212855136055174
982,65,165,10.109034098973204
983,65,170,17.133745229184186
984,65,175,22.281275641003905
985,65,180,24.168874441110134
986,65,185,22.281051435567235
987,65,190,17.13335780250284
988,65,195,10.10858608058968
989,65,200,3.0208890467804586
990,65,205,-2.4450958954742466
991,65,210,-5.232761574893394
992,65,215,-5.187076921765954
993,65,220,-3.021004210325386
994,65,225,0.00011337417784061709
995,65,230,2.5350864397172295
996,65,235,3.6320719805947355
997,65,240,3.021053762322921
998,65,245,1.140006168276186
999,65,250,-1.0996814614640242
1000,65,255,-2.7086968033080057
1001,65,260,-3.0210909274799054
1002,65,265,-1.9492762189613155
1003,65,270,9.620149904164936e-05
1004,65,275,1.9494255288200646
1005,65,280,3.0211290938282183
1006,65,285,2.7086029856580325
1007,65,290,1.0994922443200088
1008,65,295,-1.1402098907482217
1009,65,300,-3.021178731129712
1010,65,305,-3.632051438865294
1011,65,310,-2.5349109693806295
1012,65,315,0.00015872511252220634
1013,65,320,3.0212621687464765
1014,65,325,5.187194142507117
1015,65,330,5.232641320329768
1016,65,335,2.4447098242562664
1017,65,340,-3.02148374934348
1018,65,345,-10.109258108093604
1019,65,350,-17.133938939869385
1020,65,355,-22.281387739096196
1021,65,360,-24.168874435749263
1022,70,0,-29.864326815814085
1023,70,5,-27.53177237782239
1024,70,10,-21.171113417801216
1025,70,15,-12.490975074334267
1026,70,20,-3.7330136355666355
1027,70,25,3.021129507489213
1028,70,30,6.465824677280684
1029,70,35,6.4094721391530145
1030,70,40,3.7330172410078197
1031,70,45,-2.8018288499265857e-05
1032,70,50,-3.132413277848788
1033,70,55,-4.4879698665277115
1034,70,60,-3.7330236942545723
1035,70,65,-1.4087352261052697
1036,70,70,1.3587460615941789
1037,70,75,3.346968965130034
1038,70,80,3.7330338650573145
1039,70,85,2.408689265450624
1040,70,90,-3.962386987896482e-05
1041,70,95,-2.4087507638105587
1042,70,100,-3.7330495851701433
1043,70,105,-3.3469303231297376
1044,70,110,-1.3586681260571394
1045,70,115,1.4088191361565887
1046,70,120,3.733075166921705
1047,70,125,4.487961405715538
1048,70,130,3.132341004403427
1049,70,135,-8.405508854627676e-05
1050,70,140,-3.7331234899853576
1051,70,145,-6.409520420514973
1052,70,150,-6.465775146335456
1053,70,155,-3.0209704908849497
1054,70,160,3.7332585841090693
1055,70,165,12.491251871792013
1056,70,170,21.171352779054637
1057,70,175,27.531910895905813
1058,70,180,29.864326813606024
1059,70,185,27.5316338559282
1060,70,190,21.17087405436035
1061,70,195,12.490698276817753
1062,70,200,3.7327686889398444
1063,70,205,-3.0212885209434495
1064,70,210,-6.465874204902282
1065,70,215,-6.409423855313664
1066,70,220,-3.7329109910462623
1067,70,225,0.00014009107074911673
1068,70,230,3.132485549582705
1069,70,235,4.4879783253175045
1070,70,240,3.7329722200891067
1071,70,245,1.4086513156366487
1072,70,250,-1.3588239963779234
1073,70,255,-3.3470076055906124
1074,70,260,-3.733018143303155
1075,70,265,-2.408627766050701
1076,70,270,0.00011887160961256002
1077,70,275,2.4088122611304796
1078,70,280,3.733065303641635
1079,70,285,3.3468916795897345
1080,70,290,1.3585901897668053
1081,70,295,-1.4089030457906107
1082,70,300,-3.7331266380905164
1083,70,305,-4.487952942880981
1084,70,310,-3.1322687292466536
1085,70,315,0.0001961290603515515
1086,70,320,3.733229737978833
1087,70,325,6.409568699399471
1088,70,330,6.4657256120665805
1089,70,335,3.0208114711306755
1090,70,340,-3.733503534567109
1091,70,345,-12.491528669190961
1092,70,350,-21.171592138120534
1093,70,355,-27.532049410178438
1094,70,360,-29.86432680698185
1095,75,0,-34.70460648235424
1096,75,5,-31.994001807806374
1097,75,10,-24.602435021874186
1098,75,15,-14.515457763679361
1099,75,20,-4.338044182767261
1100,75,25,3.510780984158063
1101,75,30,7.513777303364418
1102,75,35,7.448291391960347
1103,75,40,4.338048372562607
1104,75,45,-3.255937033749565e-05
1105,75,50,-3.6401011420179965
1106,75,55,-5.215360422590606
1107,75,60,-4.338055871723411
1108,75,65,-1.637056879310775
1109,75,70,1.5789656893288728
1110,75,75,3.889431078084186
1111,75,80,4.338067690965443
1112,75,85,2.799079102344604
1113,75,90,-4.6045933663212835e-05
1114,75,95,-2.7991505680901416
1115,75,100,-4.338085958925506
1116,75,105,-3.8893861731572392
1117,75,110,-1.578875122340351
1118,75,115,1.6371543891367593
1119,75,120,4.338115686855641
1120,75,125,5.2153505904869455
1121,75,130,3.640017154808245
1122,75,135,-9.767837021168955e-05
1123,75,140,-4.3381718419104125
1124,75,145,-7.448347498554596
1125,75,150,-7.513719744659899
1126,75,155,-3.5105961948370394
1127,75,160,4.3383288314997115
1128,75,165,14.515779423260224
1129,75,170,24.602713177754218
1130,75,175,31.994162776295823
1131,75,180,34.7046064797883
1132,75,185,31.993840834888527
1133,75,190,24.602156863452173
1134,75,195,14.515136104030203
1135,75,200,4.337759536260933
1136,75,205,-3.5109657698185166
1137,75,210,-7.513834858206626
1138,75,215,-7.44823528248718
1139,75,220,-4.337924902071297
1140,75,225,0.00016279641968910095
1141,75,230,3.640185127238922
1142,75,235,5.215370252344107
1143,75,240,4.337996054850005
1144,75,245,1.636959368999855
1145,75,250,-1.5790562554420091
1146,75,255,-3.889475981221864
1147,75,260,-4.33804942109803
1148,75,265,-2.799007635390523
1149,75,270,0.00013813780096136004
1150,75,275,2.799222032627103
1151,75,280,4.338104224978211
1152,75,285,3.8893412664410367
1153,75,290,1.5787845544764434
1154,75,295,-1.6372518984778126
1155,75,300,-4.338175500246707
1156,75,305,-5.215340756033122
1157,75,310,-3.6399331656097025
1158,75,315,0.00022791680191666682
1159,75,320,4.338295310114662
1160,75,325,7.448403602269851
1161,75,330,7.513662182093051
1162,75,335,3.5104114018554653
1163,75,340,-4.33861348245824
1164,75,345,-14.516101082772764
1165,75,350,-24.60299133109219
1166,75,355,-31.994323740356837
1167,75,360,-34.70460647209052
1168,80,0,-38.39279853259854
1169,80,5,-35.39412747075119
1170,80,10,-27.217030444832375
1171,80,15,-16.05807130568508
1172,80,20,-4.799064827868822
1173,80,25,3.8838851864058066
1174,80,30,8.312295325220253
1175,80,35,8.239849974066699
1176,80,40,4.79906946292984
1177,80,45,-3.6019579889238294e-05
1178,80,50,-4.026948694976196
1179,80,55,-5.769616839805355
1180,80,60,-4.799077759055312
1181,80,65,-1.811033212139724
1182,80,70,1.7467684479036536
1183,80,75,4.3027758825975875
1184,80,80,4.799090834373668
1185,80,85,3.0965480074745733
1186,80,90,-5.093941218656354e-05
1187,80,95,-3.09662706815984
1188,80,100,-4.79911104374013
1189,80,105,-4.30272620545129
1190,80,110,-1.7466682560128222
1191,80,115,1.8111410847100657
1192,80,120,4.799143930971772
1193,80,125,5.769605962806212
1194,80,130,4.026855782122539
1195,80,135,-0.00010805902641301395
1196,80,140,-4.79920605384026
1197,80,145,-8.239912043324578
1198,80,150,-8.31223164953076
1199,80,155,-3.883680758812696
1200,80,160,4.799379727317202
1201,80,165,16.058427149267125
1202,80,170,27.217338161407934
1203,80,175,35.3943055459813
1204,80,180,38.392798529759915
1205,80,185,35.39394939062205
1206,80,190,27.216722725444694
1207,80,195,16.05771546202748
1208,80,200,4.798749930883144
1209,80,205,-3.8840896099493243
1210,80,210,-8.312358996636975
1211,80,215,-8.239787901623949
1212,80,220,-4.7989328707543875
1213,80,225,0.0001800974215376846
1214,80,230,4.027041605629665
1215,80,235,5.76962771420458
1216,80,240,4.799011585212636
1217,80,245,1.8109253390329096
1218,80,250,-1.746868638826069
1219,80,255,-4.3028255577644625
1220,80,260,-4.799070622897155
1221,80,265,-3.0964689454523255
1222,80,270,0.0001528182365284069
1223,80,275,3.0967061275080905
1224,80,280,4.79913125099653
1225,80,285,4.3026765263255875
1226,80,290,1.746568063153575
1227,80,295,-1.8112489567439416
1228,80,300,-4.799210100962028
1229,80,305,-5.769595083207144
1230,80,310,-4.026762867068736
1231,80,315,0.00025213839732284336
1232,80,320,4.799342643485597
1233,80,325,8.239974109397501
1234,80,330,8.312167969568472
1235,80,335,3.8834763271700137
1236,80,340,-4.799694629228234
1237,80,345,-16.058782992773587
1238,80,350,-27.217645875171264
1239,80,355,-35.39448361631236
1240,80,360,-38.39279852124405
1241,85,0,-40.701269545545834
1242,85,5,-37.52229526308899
1243,85,10,-28.853528127778098
1244,85,15,-17.023606342198235
1245,85,20,-5.087621600696505
1246,85,25,4.117414304186071
1247,85,30,8.81209459859272
1248,85,35,8.735293274455879
1249,85,40,5.087626514453122
1250,85,45,-3.818535470250815e-05
1251,85,50,-4.26907989374998
1252,85,55,-6.116530681451839
1253,85,60,-5.087635309405613
1254,85,65,-1.919926489876683
1255,85,70,1.8517976326059025
1256,85,75,4.561491938207638
1257,85,80,5.087649170912904
1258,85,85,3.282736344576003
1259,85,90,-5.4002282332625204e-05
1260,85,95,-3.2828201589991366
1261,85,100,-5.087670595422268
1262,85,105,-4.561439274088351
1263,85,110,-1.851691416406228
1264,85,115,1.9200408485775298
1265,85,120,5.0877054600878004
1266,85,125,6.116519150443658
1267,85,130,4.268981394259309
1268,85,135,-0.0001145563680941614
1269,85,140,-5.08777131826204
1270,85,145,-8.735359075796026
1271,85,150,-8.812027094229906
1272,85,155,-4.117197584830158
1273,85,160,5.087955434327242
1274,85,165,17.023983581839587
1275,85,170,28.853854346646326
1276,85,175,37.52248404557471
1277,85,180,40.70126954253653
1278,85,185,37.52210647540969
1279,85,190,28.853201905928664
1280,85,195,17.023229102476787
1281,85,200,5.087287769676547
1282,85,205,-4.1176310192489005
1283,85,210,-8.81216209842585
1284,85,215,-8.73522746973936
1285,85,220,-5.087481709303111
1286,85,225,0.0001909262668684903
1287,85,230,4.269178390908173
1288,85,235,6.116542209703773
1289,85,240,5.087565156681389
1290,85,245,1.9198121306071072
1291,85,250,-1.8519038477789327
1292,85,255,-4.561544600228485
1293,85,260,-5.087627744166615
1294,85,265,-3.2826525287355
1295,85,270,0.00016200684696471087
1296,85,275,3.282903972004863
1297,85,280,5.0876920176947
1298,85,285,4.561386607870641
1299,85,290,1.8515851991799084
1300,85,295,-1.9201552067096541
1301,85,300,-5.087775608727966
1302,85,305,-6.116507616679225
1303,85,310,-4.2688828924362
1304,85,315,0.00026729890147250994
1305,85,320,5.0879161207298065
1306,85,325,8.735424873759712
1307,85,330,8.811959585337386
1308,85,335,4.11698086118118
1309,85,340,-5.088289270568703
1310,85,345,-17.02436082140081
1311,85,350,-28.85418056253324
1312,85,355,-37.52267282286678
1313,85,360,-40.70126953350863
1314,90,0,-41.48699999981741
1315,90,5,-38.246656208867044
1316,90,10,-29.41054013296401
1317,90,15,-17.35224390299048
1318,90,20,-5.185837191416687
1319,90,25,4.196900223121159
1320,90,30,8.982210449261414
1321,90,35,8.903926489816719
1322,90,40,5.1858422000324635
1323,90,45,-3.892251588769792e-05
1324,90,50,-4.3514936887419084
1325,90,55,-6.234609171006697
1326,90,60,-5.185851164769879
1327,90,65,-1.9569903144183407
1328,90,70,1.8875462422029141
1329,90,75,4.649550693445071
1330,90,80,5.185865293870997
1331,90,85,3.3461089604201146
1332,90,90,-5.504478637003449e-05
1333,90,95,-3.3461943928651308
1334,90,100,-5.185887131976537
1335,90,105,-4.649497012654735
1336,90,110,-1.887437975519219
1337,90,115,1.9571068807926824
1338,90,120,5.185922669697967
1339,90,125,6.234597417394542
1340,90,130,4.351393287736851
1341,90,135,-0.00011676785751813631
1342,90,140,-5.185989799252036
1343,90,145,-8.903993561439524
1344,90,150,-8.982141641739405
1345,90,155,-4.196679320038302
1346,90,160,5.186177469643704
1347,90,165,17.35262842517309
1348,90,170,29.410872649426942
1349,90,175,38.246848635763605
1350,90,180,41.48699999675001
1351,90,185,38.246463776676634
1352,90,190,29.410207613462315
1353,90,195,17.35185938072623
1354,90,200,5.18549691585085
1355,90,205,-4.197121121828053
1356,90,210,-8.982279252166295
1357,90,215,-8.903859414752361
1358,90,220,-5.185694599445908
1359,90,225,0.0001946120630137698
1360,90,230,4.351594087369458
1361,90,235,6.234620921809395
1362,90,240,5.185779657760335
1363,90,245,1.9568737474642914
1364,90,250,-1.8876545078401454
1365,90,255,-4.649604372096456
1366,90,260,-5.185843453485346
1367,90,265,-3.3460235265303666
1368,90,270,0.0001651343590762985
1369,90,275,3.346279823865376
1370,90,280,5.185908967801962
1371,90,285,4.649443329725468
1372,90,290,1.8873297077890596
1373,90,295,-1.9572234465873217
1374,90,300,-5.1859941725446115
1375,90,305,-6.234585660972927
1376,90,310,-4.351292884354329
1377,90,315,0.00027245905715377836
1378,90,320,5.186137397104566
1379,90,325,8.904060629620687
1380,90,330,8.982072829600243
1381,90,335,4.196458412579506
1382,90,340,-5.186517750531846
1383,90,345,-17.35301294727402
1384,90,350,-29.411205162851
1385,90,355,-38.24704105736627
1386,90,360,-41.486999987547826
1387,95,0,-40.70122200812013
1388,95,5,-37.52225143857582
1389,95,10,-28.853494428032
1390,95,15,-17.023586459319134
1391,95,20,-5.0876156585616155
1392,95,25,4.117409495213802
1393,95,30,8.812084306425009
1394,95,35,8.735283071988986
1395,95,40,5.087620572312493
1396,95,45,-3.818531010356855e-05
1397,95,50,-4.269074907638477
1398,95,55,-6.116523537593034
1399,95,60,-5.087629367254711
1400,95,65,-1.9199242474807114
1401,95,70,1.8517954697816623
1402,95,75,4.561486610570772
1403,95,80,5.087643228745812
1404,95,85,3.282732510473607
1405,95,90,-5.400221926015811e-05
1406,95,95,-3.282816324798849
1407,95,100,-5.087664653230155
1408,95,105,-4.561433946512994
1409,95,110,-1.8516892537060439
1410,95,115,1.9200386060479921
1411,95,120,5.087699517854966
1412,95,125,6.116512006598319
1413,95,130,4.268976408262849
1414,95,135,-0.00011455623429698755
1415,95,140,-5.087765375952285
1416,95,145,-8.73534887325228
1417,95,150,-8.812016802141036
1418,95,155,-4.117192776111008
1419,95,160,5.087949491802448
1420,95,165,17.023963698519882
1421,95,170,28.853820646519214
1422,95,175,37.52244022084104
1423,95,180,40.701222005110836
1424,95,185,37.522062651117025
1425,95,190,28.853168206563577
1426,95,195,17.023209220038286
1427,95,200,5.087281827931558
1428,95,205,-4.117626210023517
1429,95,210,-8.8121518061793
1430,95,215,-8.735217267349325
1431,95,220,-5.0874757673316084
1432,95,225,0.00019092604387438406
1433,95,230,4.26917340468163
1434,95,235,6.116535065831504
1435,95,240,5.087559214612423
1436,95,245,1.9198098883447026
1437,95,250,-1.8519016848306373
1438,95,255,-4.561539272530112
1439,95,260,-5.087621802024549
1440,95,265,-3.282648694730997
1441,95,270,0.00016200665774730963
1442,95,275,3.282900137706685
1443,95,280,5.087686075477565
1444,95,285,4.561381280356796
1445,95,290,1.851583036603782
1446,95,295,-1.9201529640465504
1447,95,300,-5.087769666413202
1448,95,305,-6.116500472847358
1449,95,310,-4.268877906554787
1450,95,315,0.0002672985892782759
1451,95,320,5.087910178250928
1452,95,325,8.735414671139116
1453,95,330,8.811949293327363
1454,95,335,4.116976052715154
1455,95,340,-5.088283327654001
1456,95,345,-17.024340937640503
1457,95,350,-28.85414686202512
1458,95,355,-37.52262899791264
1459,95,360,-40.70122199608294
1460,100,0,-38.3927064069209
1461,100,5,-35.39404254055327
1462,100,10,-27.21696513603831
1463,100,15,-16.058032773440566
1464,100,20,-4.799053312243075
1465,100,25,3.8838758668050386
1466,100,30,8.312275379400495
1467,100,35,8.239830202083631
1468,100,40,4.799057947292969
1469,100,45,-3.601949345823216e-05
1470,100,50,-4.026939032086499
1471,100,55,-5.7696029952855135
1472,100,60,-4.799066243398535
1473,100,65,-1.8110288664637566
1474,100,70,1.7467642564345998
1475,100,75,4.302765557845054
1476,100,80,4.799079318685517
1477,100,85,3.096540577133612
1478,100,90,-5.0939289954581356e-05
1479,100,95,-3.096619637629168
1480,100,100,-4.799099528003484
1481,100,105,-4.302715880817959
1482,100,110,-1.7466640647841845
1483,100,115,1.8111367387752524
1484,100,120,4.799132415156212
1485,100,125,5.769592118312469
1486,100,130,4.026846119455792
1487,100,135,-0.00010805876711930748
1488,100,140,-4.799194537875633
1489,100,145,-8.239892271192572
1490,100,150,-8.312211703863795
1491,100,155,-3.8836714397024643
1492,100,160,4.799368210935835
1493,100,165,16.05838861616875
1494,100,170,27.21727285187548
1495,100,175,35.39422061535609
1496,100,180,38.39270640408228
1497,100,185,35.39386446085145
1498,100,190,27.216657417389015
1499,100,195,16.057676930636834
1500,100,200,4.798738416013009
1501,100,205,-3.884080289858031
1502,100,210,-8.312339050664432
1503,100,215,-8.239768129789827
1504,100,220,-4.7989213554452785
1505,100,225,0.00018009698938380064
1506,100,230,4.027031942517025
1507,100,235,5.769613869658644
1508,100,240,4.799000069714647
1509,100,245,1.81092099361579
1510,100,250,-1.7468644471166013
1511,100,255,-4.30281523289273
1512,100,260,-4.799059107257501
1513,100,265,-3.096461515301079
1514,100,270,0.0001528178698324604
1515,100,275,3.096698696787712
1516,100,280,4.799119735211397
1517,100,285,4.302666201811465
1518,100,290,1.7465638721653554
1519,100,295,-1.8112446105502829
1520,100,300,-4.799198584987689
1521,100,305,-5.769581238739508
1522,100,310,-4.026753204624944
1523,100,315,0.00025213779230258957
1524,100,320,4.799331127193215
1525,100,325,8.239954337116563
1526,100,330,8.31214802405431
1527,100,335,3.883467008550327
1528,100,340,-4.799683112091242
1529,100,345,-16.05874445882134
1530,100,350,-27.217580564900437
1531,100,355,-35.39439868525985
1532,100,360,-38.39270639556644
1533,105,0,-34.70447546800083
1534,105,5,-31.993881026334268
1535,105,10,-24.60234214451745
1536,105,15,-14.515402965959225
1537,105,20,-4.338027806092483
1538,105,25,3.5107677305082676
1539,105,30,7.513748937888625
1540,105,35,7.448263273702294
1541,105,40,4.338031995872012
1542,105,45,-3.2559247421684626e-05
1543,105,50,-3.6400874001679715
1544,105,55,-5.215340733934176
1545,105,60,-4.338039495004505
1546,105,65,-1.6370506992104865
1547,105,70,1.5789597285302985
1548,105,75,3.889416394981582
1549,105,80,4.338051314201918
1550,105,85,2.7990685354609566
1551,105,90,-4.604575983389051e-05
1552,105,95,-2.799140000936702
1553,105,100,-4.338069582093017
1554,105,105,-3.889371490224156
1555,105,110,-1.5788691618836785
1556,105,115,1.6371482086683586
1557,105,120,4.338099309910925
1558,105,125,5.215330901867633
1559,105,130,3.640003413275282
1560,105,135,-9.767800146327797e-05
1561,105,140,-4.338155464753704
1562,105,145,-7.448319380084732
1563,105,150,-7.513691379401399
1564,105,155,-3.5105829418848478
1565,105,160,4.338312453750348
1566,105,165,14.515724624325783
1567,105,170,24.60262029934741
1568,105,175,31.99404199421604
1569,105,180,34.7044754654349
1570,105,185,31.993720054024116
1571,105,190,24.60206398714552
1572,105,195,14.515081307524376
1573,105,200,4.337743160660732
1574,105,205,-3.510952515471132
1575,105,210,-7.513806492513557
1576,105,215,-7.448207164440945
1577,105,220,-4.337908525846818
1578,105,225,0.00016279580511167668
1579,105,230,3.6401713850718416
1580,105,235,5.215350563650569
1581,105,240,4.337979678356915
1582,105,245,1.6369531892676799
1583,105,250,-1.579050294301536
1584,105,255,-3.8894612979497443
1585,105,260,-4.338033044403476
1586,105,265,-2.7989970687766723
1587,105,270,0.0001381372794733932
1588,105,275,2.7992114652038755
1589,105,280,4.338087848076766
1590,105,285,3.889326583677483
1591,105,290,1.5787785943616763
1592,105,295,-1.6372457176413018
1593,105,300,-4.3381591230761885
1594,105,305,-5.215321067450936
1595,105,310,-3.63991942439381
1596,105,315,0.00022791594150142343
1597,105,320,4.338278932491846
1598,105,325,7.448375483588188
1599,105,330,7.513633817051856
1600,105,335,3.5103981496008902
1601,105,340,-4.3385971036342825
1602,105,345,-14.516046282624016
1603,105,350,-24.602898451635316
1604,105,355,-31.99420295766939
1605,105,360,-34.704475457737146
1606,110,0,-29.864164978750047
1607,110,5,-27.5316231810487
1608,110,10,-21.1709986899234
1609,110,15,-12.49090738478796
1610,110,20,-3.7329934060811185
1611,110,25,3.021113135758064
1612,110,30,6.465789638483767
1613,110,35,6.409437405734799
1614,110,40,3.7329970115027655
1615,110,45,-2.8018136666024213e-05
1616,110,50,-3.1323963030624027
1617,110,55,-4.487945545876817
1618,110,60,-3.733003464714546
1619,110,65,-1.4087275920616695
1620,110,70,1.3587386984456726
1621,110,75,3.346950827650021
1622,110,80,3.7330136354621724
1623,110,85,2.4086762125798424
1624,110,90,-3.96236551541928e-05
1625,110,95,-2.4087377106065135
1626,110,100,-3.733029355489813
1627,110,105,-3.3469121858591278
1628,110,110,-1.3586607633309717
1629,110,115,1.4088115016582738
1630,110,120,3.7330549371027453
1631,110,125,4.487937085110493
1632,110,130,3.1323240300086974
1633,110,135,-8.40546330453431e-05
1634,110,140,-3.733103259904531
1635,110,145,-6.409485686835117
1636,110,150,-6.465740107806951
1637,110,155,-3.020954120015524
1638,110,160,3.7332383532961577
1639,110,165,12.491184180745718
1640,110,170,21.171238049879705
1641,110,175,27.531761698381484
1642,110,180,29.864164976542
1643,110,185,27.53148465990517
1644,110,190,21.170759327779667
1645,110,195,12.490630588771431
1646,110,200,3.732748460781712
1647,110,205,-3.021272148350594
1648,110,210,-6.465839165836971
1649,110,215,-6.409389122157101
1650,110,220,-3.732890762116984
1651,110,225,0.000140090311584923
1652,110,230,3.1324685744046743
1653,110,235,4.4879540046207715
1654,110,240,3.732951990828024
1655,110,245,1.408643682047766
1656,110,250,-1.3588166328070825
1657,110,255,-3.3469894679012033
1658,110,260,-3.73299791379321
1659,110,265,-2.4086147135131895
1660,110,270,0.0001188709654382441
1661,110,275,2.4087992075931752
1662,110,280,3.7330450738761245
1663,110,285,3.346873542528537
1664,110,290,1.3585828274629803
1665,110,295,-1.4088954108375833
1666,110,300,-3.73310640799263
1667,110,305,-4.487928622321797
1668,110,310,-3.1322517552435882
1669,110,315,0.0001961279975132195
1670,110,320,3.73320950732224
1671,110,325,6.409533965457988
1672,110,330,6.465690573806506
1673,110,335,3.0207951011229897
1674,110,340,-3.733483302426792
1675,110,345,-12.49146097664468
1676,110,350,-21.1714774076485
1677,110,355,-27.531900211903487
1678,110,360,-29.864164969917866
1679,115,0,-24.168691672357244
1680,115,5,-22.280995044588035
1681,115,10,-17.133421948905056
1682,115,15,-10.108733644678177
1683,115,20,-3.021064433266917
1684,115,25,2.4449487182179728
1685,115,30,5.2326819216954705
1686,115,35,5.187076771197279
1687,115,40,3.0210673510891364
1688,115,45,-2.26747242655853e-05
1689,115,50,-2.5350087805306365
1690,115,55,-3.632037668483496
1691,115,60,-3.021072573591957
1692,115,65,-1.1400654546044424
1693,115,70,1.0996100741273063
1694,115,75,2.7086450484576687
1695,115,80,3.021080804649601
1696,115,85,1.9493112485082436
1697,115,90,-3.206692385455664e-05
1698,115,95,-1.9493610180847956
1699,115,100,-3.0210935266695005
1700,115,105,-2.708613776144164
1701,115,110,-1.0995470022229354
1702,115,115,1.140133361581588
1703,115,120,3.0211142295458706
1704,115,125,3.6320308212921306
1705,115,130,2.534950290860744
1706,115,135,-6.802435330609586e-05
1707,115,140,-3.0211533365792644
1708,115,145,-5.187115844482201
1709,115,150,-5.232641837144064
1710,115,155,-2.4448200287851614
1711,115,160,3.021262665955509
1712,115,165,10.10895765215215
1713,115,170,17.133615659895696
1714,115,175,22.28110714491663
1715,115,180,24.168691670570297
1716,115,185,22.28088294117545
1717,115,190,17.133228236144156
1718,115,195,10.108509637156642
1719,115,200,3.0208662021286226
1720,115,205,-2.445077405101521
1721,115,210,-5.232722003557119
1722,115,215,-5.187037695907445
1723,115,220,-3.0209813648026573
1724,115,225,0.00011337332047923114
1725,115,230,2.5350672688154874
1726,115,235,3.6320445140381836
1727,115,240,3.0210309164254685
1728,115,245,1.1399975472895818
1729,115,250,-1.0996731454220485
1730,115,255,-2.7086763195251047
1731,115,260,-3.0210680813014013
1732,115,265,-1.9492614780900475
1733,115,270,9.620077154397646e-05
1734,115,275,1.9494107868196813
1735,115,280,3.021106247361092
1736,115,285,2.7085825025846026
1737,115,290,1.099483929708936
1738,115,295,-1.1402012682210219
1739,115,300,-3.021155884287217
1740,115,305,-3.632023972464084
1741,115,310,-2.534891799805834
1742,115,315,0.00015872391220671082
1743,115,320,3.0212393212730073
1744,115,325,5.187154915762157
1745,115,330,5.232601749902887
1746,115,335,2.4446913368031
1747,115,340,-3.0214609001943673
1748,115,345,-10.10918165957854
1749,115,350,-17.13380936911601
1750,115,355,-22.281219242161207
1751,115,360,-24.16869166520947
1752,120,0,-17.96426952553953
1753,120,5,-16.561169537198676
1754,120,10,-12.735046396282884
1755,120,15,-7.513688296275772
1756,120,20,-2.2455173192225595
1757,120,25,1.8172981121864036
1758,120,30,3.889383407967791
1759,120,35,3.8554857015297
1760,120,40,2.2455194880013036
1761,120,45,-1.6853823270464902e-05
1762,120,50,-1.8842385678305955
1763,120,55,-2.6996456609265027
1764,120,60,-2.24552336981872
1765,120,65,-0.8473956050626982
1766,120,70,0.8173256547111555
1767,120,75,2.013300114013404
1768,120,80,2.245529487855228
1769,120,85,1.4488973227052904
1770,120,90,-2.3834921260428484e-05
1771,120,95,-1.4489343157746495
1772,120,100,-2.2455389439647053
1773,120,105,-2.013276869715529
1774,120,110,-0.8172787741971018
1775,120,115,0.8474460794225287
1776,120,120,2.245554332139461
1777,120,125,2.699640571499534
1778,120,130,1.8841950932309497
1779,120,135,-5.0561603981604604e-05
1780,120,140,-2.2455833998812222
1781,120,145,-3.855514744186667
1782,120,150,-3.8893536136497935
1783,120,155,-1.817202459029524
1784,120,160,2.245664662963583
1785,120,165,7.513854798074576
1786,120,170,12.735190379105498
1787,120,175,16.561252859893347
1788,120,180,17.964269524211318
1789,120,185,16.56108621221172
1790,120,190,12.734902412144457
1791,120,195,7.513521794441616
1792,120,200,2.2453699766338526
1793,120,205,-1.8173937634484494
1794,120,210,-3.8894132002865267
1795,120,215,-3.8554566573825073
1796,120,220,-2.2454555755294683
1797,120,225,8.426889273546005e-05
1798,120,230,1.8842820414007575
1799,120,235,2.69965074913695
1800,120,240,2.245492406596689
1801,120,245,0.8473451304518483
1802,120,250,-0.8173725347720803
1803,120,255,-2.013323357385093
1804,120,260,-2.245520030758443
1805,120,265,-1.4488603290103486
1806,120,270,7.150476376664757e-05
1807,120,275,1.448971308218409
1808,120,280,2.2455483990868697
1809,120,285,2.013253624491476
1810,120,290,0.8172318932299192
1811,120,295,-0.8474965535313428
1812,120,300,-2.2455852935589173
1813,120,305,-2.6996354808560423
1814,120,310,-1.8841516176018394
1815,120,315,0.0001179773889991177
1816,120,320,2.245647311169198
1817,120,325,3.85554378535337
1818,120,330,3.889323817332524
1819,120,335,1.81710680397782
1820,120,340,-2.2458120078568986
1821,120,345,-7.514021299838014
1822,120,350,-12.735334360612255
1823,120,355,-16.561336180295708
1824,120,360,-17.964269520226686
1825,125,0,-11.623134874278653
1826,125,5,-10.715309460982603
1827,125,10,-8.23975401191531
1828,125,15,-4.861461934020909
1829,125,20,-1.4528812667137139
1830,125,25,1.1758174210582135
1831,125,30,2.516485730985127
1832,125,35,2.4945534384809145
1833,125,40,1.452882669944044
1834,125,45,-1.0904660539710215e-05
1835,125,50,-1.219128836720952
1836,125,55,-1.746708686657131
1837,125,60,-1.452885181534472
1838,125,65,-0.5482768667833653
1839,125,70,0.5288211862669963
1840,125,75,1.302633471086021
1841,125,80,1.452889139990083
1842,125,85,0.9374569323201605
1843,125,90,-1.5421529059888205e-05
1844,125,95,-0.9374808673559805
1845,125,100,-1.4528952582258223
1846,125,105,-1.302618431698593
1847,125,110,-0.5287908539154889
1848,125,115,0.5483095244036025
1849,125,120,1.452905214591173
1850,125,125,1.7467053937263497
1851,125,130,1.2191007080439373
1852,125,135,-3.271406842914224e-05
1853,125,140,-1.4529240218286448
1854,125,145,-2.4945722294881727
1855,125,150,-2.516466453642618
1856,125,155,-1.1757555321212887
1857,125,160,1.4529766001851003
1858,125,165,4.86156966302495
1859,125,170,8.239847170825247
1860,125,175,10.715363371937173
1861,125,180,11.62313487341928
1862,125,185,10.715255548544892
1863,125,190,8.239660852154023
1864,125,195,4.861354204993995
1865,125,200,1.4527859339878921
1866,125,205,-1.175879308769154
1867,125,210,-2.5165050070340858
1868,125,215,-2.49453464650946
1869,125,220,-1.4528413176764643
1870,125,225,5.452315801529679e-05
1871,125,230,1.219156964731876
1872,125,235,1.746711978800806
1873,125,240,1.4528651478946235
1874,125,245,0.5482442090007151
1875,125,250,-0.5288515183253228
1876,125,255,-1.3026485098741938
1877,125,260,-1.4528830211155415
1878,125,265,-0.9374329968795796
1879,125,270,4.62645871701937e-05
1880,125,275,0.9375048019870288
1881,125,280,1.4529013758227562
1882,125,285,1.3026033917119144
1883,125,290,0.5287605212708006
1884,125,295,-0.5483421818614286
1885,125,300,-1.4529252470647296
1886,125,305,-1.7467021000084604
1887,125,310,-1.2190725787008447
1888,125,315,7.633302887726518e-05
1889,125,320,1.4529653733302508
1890,125,325,2.4945910195312084
1891,125,330,2.516447175006552
1892,125,335,1.175693641958386
1893,125,340,-1.4530719344020364
1894,125,345,-4.861677392006108
1895,125,350,-8.239940328883806
1896,125,355,-10.715417281408584
1897,125,360,-11.623134870841168
1898,130,0,-5.518564066839815
1899,130,5,-5.087536400124341
1900,130,10,-3.9121640505420925
1901,130,15,-2.3081801451660757
1902,130,20,-0.6898154790936823
1903,130,25,0.5582679577585837
1904,130,30,1.1948056939837857
1905,130,35,1.1843924308988834
1906,130,40,0.6898161453353254
1907,130,45,-5.177438657164821e-06
1908,130,50,-0.5788318438999451
1909,130,55,-0.8293222007390014
1910,130,60,-0.6898173378167719
1911,130,65,-0.2603171217092135
1912,130,70,0.25107973260938055
1913,130,75,0.6184791231930253
1914,130,80,0.6898192172573128
1915,130,85,0.44509645606542886
1916,130,90,-7.3220088251713375e-06
1917,130,95,-0.44510782021374534
1918,130,100,-0.6898221221428077
1919,130,105,-0.618471982621747
1920,130,110,-0.2510653310708196
1921,130,115,0.26033262726528755
1922,130,120,0.6898268493390981
1923,130,125,0.8293206372839025
1924,130,130,0.5788184886470036
1925,130,135,-1.553235718813832e-05
1926,130,140,-0.6898357788530401
1927,130,145,-1.18440135270686
1928,130,150,-1.1947965412680317
1929,130,155,-0.5582385734257733
1930,130,160,0.6898607426026454
1931,130,165,2.3082312939669016
1932,130,170,3.912208281588058
1933,130,175,5.087561996580023
1934,130,180,5.518564066431792
1935,130,185,5.087510802964477
1936,130,190,3.9121198190919135
1937,130,195,2.30812899635439
1938,130,200,0.6897702159387068
1939,130,205,-0.5582973415093077
1940,130,210,-1.1948148460853734
1941,130,215,-1.1843835086331147
1942,130,220,-0.6897965116357757
1943,130,225,2.5887124591464378e-05
1944,130,230,0.5788451988366328
1945,130,235,0.8293237638203891
1946,130,240,0.6898078260175722
1947,130,245,0.2603016160760272
1948,130,250,-0.2510941340087418
1949,130,255,-0.6184862634797825
1950,130,260,-0.6898163120685199
1951,130,265,-0.44508509172493527
1952,130,270,2.1966026471017306e-05
1953,130,275,0.44511918416987983
1954,130,280,0.6898250267250035
1955,130,285,0.6184648417659497
1956,130,290,0.2510509293930589
1957,130,295,-0.26034813274425017
1958,130,300,-0.6898363605845527
1959,130,305,-0.8293190734550916
1960,130,310,-0.5788051330778138
1961,130,315,3.6242262937800144e-05
1962,130,320,0.689855412188912
1963,130,325,1.1844102740570321
1964,130,330,1.194787387938108
1965,130,335,0.5582091885108791
1966,130,340,-0.6899060064655889
1967,130,345,-2.308282442756863
1968,130,350,-3.912252512229796
1969,130,355,-5.087587592331515
1970,130,360,-5.518564065207727
1971,135,0,0.00011676739273829772
1972,135,5,0.00010764727086767148
1973,135,10,8.277754695124714e-05
1974,135,15,4.883882369706508e-05
1975,135,20,1.4595817678060313e-05
1976,135,25,-1.1812401394142611e-05
1977,135,30,-2.5280914387436193e-05
1978,135,35,-2.5060579973339533e-05
1979,135,40,-1.4595831775078789e-05
1980,135,45,1.0954951428258151e-10
1981,135,50,1.2247513017421999e-05
1982,135,55,1.7547642819291242e-05
1983,135,60,1.4595857006814381e-05
1984,135,65,5.508054490074888e-06
1985,135,70,-5.3126004140086226e-06
1986,135,75,-1.3086410487152954e-05
1987,135,80,-1.4595896773929363e-05
1988,135,85,-9.417803628322902e-06
1989,135,90,1.5492651163723103e-10
1990,135,95,9.418044082534095e-06
1991,135,100,1.4595958238451898e-05
1992,135,105,1.3086259399681514e-05
1993,135,110,5.312295691604603e-06
1994,135,115,-5.508382572404602e-06
1995,135,120,-1.4596058261280136e-05
1996,135,125,-1.7547609738117706e-05
1997,135,130,-1.2247230433393536e-05
1998,135,135,3.286494149514262e-10
1999,135,140,1.4596247201020401e-05
2000,135,145,2.5060768750029143e-05
2001,135,150,2.5280720724964913e-05
2002,135,155,1.1811779650535383e-05
2003,135,160,-1.4596775409430974e-05
2004,135,165,-4.883990595542827e-05
2005,135,170,-8.277848283671532e-05
2006,135,175,-0.00010764781246352088
2007,135,180,-0.00011676739272966434
2008,135,185,-0.00010764672925692227
2009,135,190,-8.277661105722618e-05
2010,135,195,-4.88377414384721e-05
2011,135,200,-1.4594859954179684e-05
2012,135,205,1.181302312543346e-05
2013,135,210,2.5281108036912306e-05
2014,135,215,2.5060391186963496e-05
2015,135,220,1.4595416345289725e-05
2016,135,225,-5.477461179077594e-10
2017,135,230,-1.2247795594758842e-05
2018,135,235,-1.7547675892557414e-05
2019,135,240,-1.4595655746490257e-05
2020,135,245,-5.507726406113554e-06
2021,135,250,5.312905133467314e-06
2022,135,255,1.3086561568604203e-05
2023,135,260,1.459583530298934e-05
2024,135,265,9.417563170045432e-06
2025,135,270,-4.647795348165471e-10
2026,135,275,-9.418284532678906e-06
2027,135,280,-1.459601969655692e-05
2028,135,285,-1.3086108306189934e-05
2029,135,290,-5.311990966255255e-06
2030,135,295,5.508710653102714e-06
2031,135,300,1.459625950988756e-05
2032,135,305,1.754757664903679e-05
2033,135,310,1.224694784267357e-05
2034,135,315,-7.668506696536641e-10
2035,135,320,-1.4596662623114402e-05
2036,135,325,-2.506095751703206e-05
2037,135,330,-2.5280527049498413e-05
2038,135,335,-1.1811157894611835e-05
2039,135,340,1.459773314829151e-05
2040,135,345,4.884098821356157e-05
2041,135,350,8.277941871363047e-05
2042,135,355,0.00010764835404447032
2043,135,360,0.00011676739270376433
2044,140,0,4.6308301968344745
2045,140,5,4.269139019469901
2046,140,10,3.282840826127254
2047,140,15,1.9368789030095903
2048,140,20,0.5788495543660754
2049,140,25,-0.4684631881412574
2050,140,30,-1.0026054277953331
2051,140,35,-0.9938672755229138
2052,140,40,-0.5788501134339565
2053,140,45,4.3445793118402015e-06
2054,140,50,0.4857191017728289
2055,140,55,0.6959147784772587
2056,140,60,0.5788511140890227
2057,140,65,0.2184416767411703
2058,140,70,-0.21069024360289162
2059,140,75,-0.5189885928848282
2060,140,80,-0.5788526911967458
2061,140,85,-0.37349681625280395
2062,140,90,6.144167062014132e-06
2063,140,95,0.3735063523278677
2064,140,100,0.5788551287930671
2065,140,105,0.5189826009686889
2066,140,110,0.21067815874189494
2067,140,115,-0.21845468802389112
2068,140,120,-0.5788590955574396
2069,140,125,-0.6959134665245486
2070,140,130,-0.4857078948885998
2071,140,135,1.3033772521923275e-05
2072,140,140,0.5788665886412029
2073,140,145,0.9938747621403178
2074,140,150,1.0025977474147152
2075,140,155,0.468438530666225
2076,140,160,-0.5788875366421861
2077,140,165,-1.9369218238506873
2078,140,170,-3.2828779420256673
2079,140,175,-4.269160498397837
2080,140,180,-4.630830196492088
2081,140,185,-4.2691175399510595
2082,140,190,-3.2828037098896496
2083,140,195,-1.9368359821593806
2084,140,200,-0.5788115723870089
2085,140,205,0.4684878451278395
2086,140,210,1.002613107660581
2087,140,215,0.9938597885213596
2088,140,220,0.5788336380741258
2089,140,225,-2.1722838915235744e-05
2090,140,230,-0.48573030839167775
2091,140,235,-0.6959160901163739
2092,140,240,-0.5788431323882711
2093,140,245,-0.21842866539374176
2094,140,250,0.21070232834708072
2095,140,255,0.5189945845622154
2096,140,260,0.578850253345916
2097,140,265,0.3734872800164774
2098,140,270,-1.8432501182269042e-05
2099,140,275,-0.37351588824166443
2100,140,280,-0.5788575661348789
2101,140,285,-0.5189766088137991
2102,140,290,-0.21066607376409066
2103,140,295,0.21846769924190484
2104,140,300,0.5788670767935233
2105,140,305,0.695912154258243
2106,140,310,0.4856966877389951
2107,140,315,-3.0412216580478706e-05
2108,140,320,-0.5788830636958582
2109,140,325,-0.9938822483735613
2110,140,330,-1.002590066518725
2111,140,335,-0.46841387270274476
2112,140,340,0.5789255192153347
2113,140,345,1.9369647446826677
2114,140,350,3.2829150575848787
2115,140,355,4.2691819767348615
2116,140,360,4.630830195464929
2117,145,0,8.138770321711952
2118,145,5,7.503091340873461
2119,145,10,5.769653895937023
2120,145,15,3.4041007470626377
2121,145,20,1.0173388730666946
2122,145,25,-0.8233327784432495
2123,145,30,-1.7620977132147786
2124,145,35,-1.7467402478449667
2125,145,40,-1.0173398556389084
2126,145,45,7.635679059815171e-06
2127,145,50,0.8536603680479519
2128,145,55,1.2230831848214088
2129,145,60,1.0173416143088247
2130,145,65,0.38391531542256213
2131,145,70,-0.3702920273089789
2132,145,75,-0.9121321183327913
2133,145,80,-1.017344386105022
2134,145,85,-0.6564276110685642
2135,145,90,1.079848804867508e-05
2136,145,95,0.6564443708981014
2137,145,100,1.017348670225958
2138,145,105,0.9121215874285749
2139,145,110,0.3702707879406927
2140,145,115,-0.38393818299428345
2141,145,120,-1.017355641888225
2142,145,125,-1.223080879040085
2143,145,130,-0.8536406717401872
2144,145,135,2.290709796569239e-05
2145,145,140,1.0173688111224999
2146,145,145,1.7467534057144949
2147,145,150,1.7620842148027933
2148,145,155,0.8232894424716263
2149,145,160,-1.0174056276243917
2150,145,165,-3.40417618124028
2151,145,170,-5.769719127819781
2152,145,175,-7.50312909048936
2153,145,180,-8.138770321110199
2154,145,185,-7.503053590219033
2155,145,190,-5.769588663458131
2156,145,195,-3.4040253128689786
2157,145,200,-1.0172721190310579
2158,145,205,0.8233761135564122
2159,145,210,1.7621112107209922
2160,145,215,1.7467270893002869
2161,145,220,1.0173108998871467
2162,145,225,-3.8178293988733266e-05
2163,145,230,-0.8536800638893058
2164,145,235,-1.2230854900515833
2165,145,240,-1.0173275863210918
2166,145,245,-0.3838924477371157
2167,145,250,0.3703132664719737
2168,145,255,0.9121426488173963
2169,145,260,1.017340101536783
2170,145,265,0.6564108509556045
2171,145,270,-3.2395464139393495e-05
2172,145,275,-0.6564611304442086
2173,145,280,-1.0173529538995885
2174,145,285,-0.9121110561047503
2175,145,290,-0.3702495483671149
2176,145,295,0.38396105045228096
2177,145,300,1.017369669059295
2178,145,305,1.2230785727076114
2179,145,310,0.85362097496602
2180,145,315,-5.345003707798952e-05
2181,145,320,-1.0173977663379103
2182,145,325,-1.746766562908854
2183,145,330,-1.7620707154850312
2184,145,335,-0.8232461056415469
2185,145,340,1.0174723827041388
2186,145,345,3.4042516154019005
2187,145,350,5.769784359106385
2188,145,355,7.503166839066723
2189,145,360,8.13877031930495
2190,150,0,10.371789724721687
2191,150,5,9.561700674279558
2192,150,10,7.352663194517161
2193,150,15,4.338077590924707
2194,150,20,1.296464263413886
2195,150,25,-1.0492290744098578
2196,150,30,-2.245561212990752
2197,150,35,-2.2259901481708666
2198,150,40,-1.2964655155726261
2199,150,45,9.730666241138637e-06
2200,150,50,1.0878775888418837
2201,150,55,1.5586582625349494
2202,150,60,1.296467756765564
2203,150,65,0.48924945246832374
2204,150,70,-0.4718883679201528
2205,150,75,-1.1623921254141882
2206,150,80,-1.2964712890543721
2207,150,85,-0.8365304440821766
2208,150,90,1.3761249299171712e-05
2209,150,95,0.836551802275234
2210,150,100,1.296476748601668
2211,150,105,1.1623787051652037
2212,150,110,0.4718613011455612
2213,150,115,-0.48927859417352404
2214,150,120,-1.2964856330660535
2215,150,125,-1.5586553241206564
2216,150,130,-1.0878524884944831
2217,150,135,2.9192076187473242e-05
2218,150,140,1.296502415518849
2219,150,145,2.2260069161407903
2220,150,150,2.2455440110443647
2221,150,155,1.0491738484276238
2222,150,160,-1.2965493332964646
2223,150,165,-4.338173721838548
2224,150,170,-7.352746323951286
2225,150,175,-9.561748781187953
2226,150,180,-10.371789723954835
2227,150,185,-9.561652566047698
2228,150,190,-7.352580064323343
2229,150,195,-4.337981459990455
2230,150,200,-1.296379194196605
2231,150,205,1.049284299298097
2232,150,210,2.2455784137828525
2233,150,215,2.225973379340551
2234,150,220,1.296428615284656
2235,150,225,-4.865320209901875e-05
2236,150,230,-1.0879026885949052
2237,150,235,-1.5586612002468756
2238,150,240,-1.2964498799447084
2239,150,245,-0.48922031061819576
2240,150,250,0.47191543443312756
2241,150,255,1.162405545128433
2242,150,260,1.2964658289370472
2243,150,265,0.8365090855279346
2244,150,270,-4.1283747889063855e-05
2245,150,275,-0.8365731601070976
2246,150,280,-1.2964822075789322
2247,150,285,-1.162365284381484
2248,150,290,-0.4718342341093525
2249,150,295,0.4893077357337984
2250,150,300,1.2965035088461803
2251,150,305,1.5586523850039957
2252,150,310,1.0878273875527142
2253,150,315,-6.811502517432822e-05
2254,150,320,-1.29653931512331
2255,150,325,-2.2260236832503004
2256,150,330,-2.245526807943685
2257,150,335,-1.049118621351401
2258,150,340,1.296634403844327
2259,150,345,4.33826985273197
2260,150,350,7.3528294526256905
2261,150,355,9.561796886772866
2262,150,360,10.371789721654281
2263,155,0,11.270106619640154
2264,155,5,10.389854492263861
2265,155,10,7.989488828817917
2266,155,15,4.713805261348476
2267,155,20,1.4087530566109514
2268,155,25,-1.1401044420366666
2269,155,30,-2.440052774210417
2270,155,35,-2.41878662892266
2271,155,40,-1.4087544172211142
2272,155,45,1.057345443056678e-05
2273,155,50,1.1821003646209265
2274,155,55,1.6936560871921573
2275,155,60,1.40875685252727
2276,155,65,0.5316241110997393
2277,155,70,-0.5127593559240626
2278,155,75,-1.2630687214977798
2279,155,80,-1.4087606907531245
2280,155,85,-0.9089836513855893
2281,155,90,1.4953132577634783e-05
2282,155,95,0.9090068594450804
2283,155,100,1.408766623160332
2284,155,105,1.2630541389000864
2285,155,110,0.5127299448538815
2286,155,115,-0.5316557768135074
2287,155,120,-1.4087762771220438
2288,155,125,-1.6936528942772169
2289,155,130,-1.1820730902932644
2290,155,135,3.1720447465040574e-05
2291,155,140,1.4087945131292676
2292,155,145,2.418804849192628
2293,155,150,2.4400340823766067
2294,155,155,1.1400444328459225
2295,155,160,-1.4088454945288253
2296,155,165,-4.713909718310793
2297,155,170,-7.989579158222069
2298,155,175,-10.38990676578667
2299,155,180,-11.270106618806885
2300,155,185,-10.38980221730296
2301,155,190,-7.989398498588273
2302,155,195,-4.713700804363981
2303,155,200,-1.4086606194159974
2304,155,205,1.1401644500386636
2305,155,210,2.4400714647899657
2306,155,215,2.4187684077177805
2307,155,220,1.4087143209416142
2308,155,225,-5.2867131864028906e-05
2309,155,230,-1.1821276383027295
2310,155,235,-1.6936592793438985
2311,155,240,-1.4087374273670603
2312,155,245,-0.5315924452284911
2313,155,250,0.5127887667099678
2314,155,255,1.263083303514419
2315,155,260,1.4087547577265167
2316,155,265,0.908960442933631
2317,155,270,-4.485939772372109e-05
2318,155,275,-0.909030067112094
2319,155,280,-1.408772554948137
2320,155,285,-1.2630395557213434
2321,155,290,-0.5127005334994243
2322,155,295,0.5316874423697971
2323,155,300,1.4087957011513854
2324,155,305,1.6936497005990752
2325,155,310,1.1820458153197546
2326,155,315,-7.401457380922283e-05
2327,155,320,-1.4088346086660588
2328,155,325,-2.4188230685276606
2329,155,330,-2.4400153892885292
2330,155,335,-1.1399844224664368
2331,155,340,1.4089379331696046
2332,155,345,4.714014175250923
2333,155,350,7.9896694868007
2334,155,355,10.38995903787137
2335,155,360,11.270106616307075
2336,160,0,10.869675704785356
2337,160,5,10.020699249997103
2338,160,10,7.705619436192074
2339,160,15,4.546322076232929
2340,160,20,1.358699557180861
2341,160,25,-1.0995961238669723
2342,160,30,-2.353356827344365
2343,160,35,-2.3328462757967916
2344,160,40,-1.3587008694480585
2345,160,45,1.0197775816894308e-05
2346,160,50,1.1400999163172296
2347,160,55,1.6334798812934588
2348,160,60,1.3587032182269165
2349,160,65,0.5127353164901516
2350,160,70,-0.49454083280599254
2351,160,75,-1.218191438545333
2352,160,80,-1.3587069200792352
2353,160,85,-0.8766871374841078
2354,160,90,1.4421842434596315e-05
2355,160,95,0.8767095209529532
2356,160,100,1.3587126417058952
2357,160,105,1.2181773740725454
2358,160,110,0.49451246672164306
2359,160,115,-0.5127658571097957
2360,160,120,-1.3587219526588978
2361,160,125,-1.6334768018239267
2362,160,130,-1.1400736110561738
2363,160,135,3.0593408633314296e-05
2364,160,140,1.3587395407342695
2365,160,145,2.3328638486940583
2366,160,150,2.353338799638088
2367,160,155,1.0995382468242156
2368,160,160,-1.3587887107464862
2369,160,165,-4.546422821802055
2370,160,170,-7.705706556160222
2371,160,175,-10.020749666222969
2372,160,180,-10.86967570398169
2373,160,185,-10.02064883238424
2374,160,190,-7.705532315427764
2375,160,195,-4.546221330642415
2376,160,200,-1.35861040431247
2377,160,205,1.0996539997632182
2378,160,210,2.3533748538409442
2379,160,215,2.332828701997832
2380,160,220,1.358662197803695
2381,160,225,-5.09887437801779e-05
2382,160,230,-1.1401262209553735
2383,160,235,-1.6334829600269076
2384,160,240,-1.3586844832495895
2385,160,245,-0.5127047757186226
2386,160,250,0.49456919861616633
2387,160,255,1.218205502457711
2388,160,260,1.3587011978551824
2389,160,265,0.8766647536367396
2390,160,270,-4.326552729493197e-05
2391,160,275,-0.8767319040432662
2392,160,280,-1.3587183627351598
2393,160,285,-1.2181633090393538
2394,160,290,-0.494484100363118
2395,160,295,0.5127963975775569
2396,160,300,1.3587406865455371
2397,160,305,1.6334737216183102
2398,160,310,1.1400473051722182
2399,160,315,-7.138480955735975e-05
2400,160,320,-1.3587782116623126
2401,160,325,-2.3328814206896076
2402,160,330,-2.3533207707221084
2403,160,335,-1.099480368634954
2404,160,340,1.358877865009331
2405,160,345,4.54652356734978
2406,160,350,7.705793675332181
2407,160,355,10.020800081061823
2408,160,360,10.869675701570701
2409,165,0,9.298998354510342
2410,165,5,8.572699716859322
2411,165,10,6.592150897941436
2412,165,15,3.8893746836763503
2413,165,20,1.1623663198099294
2414,165,25,-0.9407035521734399
2415,165,30,-2.0132947715649503
2416,165,35,-1.9957480120965871
2417,165,40,-1.162367442453405
2418,165,45,8.724188569785681e-06
2419,165,50,0.9753545122918319
2420,165,55,1.3974406542401598
2421,165,60,1.1623694518317276
2422,165,65,0.4386446287668166
2423,165,70,-0.42307926339297436
2424,165,75,-1.0421617433834314
2425,165,80,-1.1623726187632493
2426,165,85,-0.7500051032153662
2427,165,90,1.2337873981767223e-05
2428,165,95,0.7500242522539958
2429,165,100,1.1623775136100083
2430,165,105,1.0421497112388802
2431,165,110,0.4230549962318508
2432,165,115,-0.4386707562410422
2433,165,120,-1.162385479122412
2434,165,125,-1.3974380197565848
2435,165,130,-0.9753320081632898
2436,165,135,2.6172635161029393e-05
2437,165,140,1.1624005257059886
2438,165,145,1.9957630456953075
2439,165,150,2.0132793488775076
2440,165,155,0.9406540384124066
2441,165,160,-1.1624425906097733
2442,165,165,-3.889460871425365
2443,165,170,-6.592225429000362
2444,165,175,-8.572742847897826
2445,165,180,-9.298998353822807
2446,165,185,-8.57265658463424
2447,165,190,-6.592076366201395
2448,165,195,-3.889288495909036
2449,165,200,-1.162290049606569
2450,165,205,0.9407530649536345
2451,165,210,2.0133101932174986
2452,165,215,1.9957329777264692
2453,165,220,1.1623343588944222
2454,165,225,-4.3620827096219854e-05
2455,165,230,-0.9753770158874736
2456,165,235,-1.3974432880940166
2457,165,240,-1.1623534240745004
2458,165,245,-0.4386185011626538
2459,165,250,0.423103530319541
2460,165,255,1.0421737750485534
2461,165,260,1.162367723405421
2462,165,265,0.7499859538529108
2463,165,270,-3.701362193772453e-05
2464,165,275,-0.7500434009687912
2465,165,280,-1.1623824079456964
2466,165,285,-1.0421376786149033
2467,165,290,-0.4230307288361702
2468,165,295,0.4386968835853319
2469,165,300,1.162401505946557
2470,165,305,1.3974353846432903
2471,165,310,0.9753095035018571
2472,165,315,-6.106964408502844e-05
2473,165,320,-1.16243360865216
2474,165,325,-1.9957780785226094
2475,165,330,-2.0132639251551647
2476,165,335,-0.9406045236705391
2477,165,340,1.162518862006088
2478,165,345,3.8895470591560724
2479,165,350,6.592299959378147
2480,165,355,8.572785977749747
2481,165,360,9.298998351760208
2482,170,0,6.769595157711971
2483,170,5,6.240855657708689
2484,170,10,4.799032228666402
2485,170,15,2.831433130899762
2486,170,20,0.8461932253441214
2487,170,25,-0.6848245336603354
2488,170,30,-1.4656622161915192
2489,170,35,-1.4528883180358159
2490,170,40,-0.8461940426194391
2491,170,45,6.351138310325807e-06
2492,170,50,0.7100501507520687
2493,170,55,1.017325428554953
2494,170,60,0.8461955054305124
2495,170,65,0.3193297215087602
2496,170,70,-0.3079982621358622
2497,170,75,-0.758685271531338
2498,170,80,-0.8461978109308982
2499,170,85,-0.5459976140896267
2500,170,90,8.981871894075624e-06
2501,170,95,0.5460115544339778
2502,170,100,0.8462013743395208
2503,170,105,0.7586765122279823
2504,170,110,0.3079805958399698
2505,170,115,-0.31934874209745784
2506,170,120,-0.846207173167754
2507,170,125,-1.0173235106723408
2508,170,130,-0.7100337679295539
2509,170,135,1.9053465491229925e-05
2510,170,140,0.8462181269581983
2511,170,145,1.452899262373391
2512,170,150,1.4656509886005196
2513,170,155,0.6847884880450815
2514,170,160,-0.8462487498659691
2515,170,165,-2.8314958748799346
2516,170,170,-4.799086486671014
2517,170,175,-6.240887056753865
2518,170,180,-6.769595157211452
2519,170,185,-6.240824257799696
2520,170,190,-4.798977970165944
2521,170,195,-2.831370386906267
2522,170,200,-0.8461377012565086
2523,170,205,0.6848605785615463
2524,170,210,1.465673443029124
2525,170,215,1.4528773731366695
2526,170,220,0.8461699580576238
2527,170,225,-3.175560728459882e-05
2528,170,230,-0.7100665331866364
2529,170,235,-1.0173273459791352
2530,170,240,-0.8461838373536317
2531,170,245,-0.3193107008254694
2532,170,250,0.308015928260999
2533,170,255,0.7586940304856729
2534,170,260,0.8461942471502214
2535,170,265,0.5459836735095329
2536,170,270,-2.694561567671078e-05
2537,170,275,-0.54602549454258
2538,170,280,-0.8462049373760878
2539,170,285,-0.7586677525756086
2540,170,290,-0.30796292937332176
2541,170,295,0.3193677625915632
2542,170,300,0.8462188405653582
2543,170,305,1.0173215923312984
2544,170,310,0.7100173847190991
2545,170,315,-4.4458204111917106e-05
2546,170,320,-0.846242211073892
2547,170,325,-1.4529102061493793
2548,170,330,-1.4656397602561209
2549,170,335,-0.6847524417157885
2550,170,340,0.846304274822043
2551,170,345,2.8315586188467803
2552,170,350,4.799140744179762
2553,170,355,6.240918454935213
2554,170,360,6.7695951557098955
2555,175,0,3.560795947586985
2556,175,5,3.282679837970588
2557,175,10,2.5242830795734457
2558,175,15,1.4893291819505243
2559,175,20,0.4450962483699396
2560,175,25,-0.3602165812659992
2561,175,30,-0.7709359213306406
2562,175,35,-0.7642168718560349
2563,175,40,-0.445096678255416
2564,175,45,3.340688332330966e-06
2565,175,50,0.37348521447419003
2566,175,55,0.5351115065202835
2567,175,60,0.44509744769164084
2568,175,65,0.16796690966033884
2569,175,70,-0.16200658061920023
2570,175,75,-0.39906720821925734
2571,175,80,-0.44509866038106166
2572,175,85,-0.2871938493142643
2573,175,90,4.724449881723739e-06
2574,175,95,0.28720118191252414
2575,175,100,0.4451005347281514
2576,175,105,0.39906260084006173
2577,175,110,0.161997288176542
2578,175,115,-0.1679769144587909
2579,175,120,-0.4451035849022892
2580,175,125,-0.5351104977171759
2581,175,130,-0.37347659713642295
2582,175,135,1.0022091591602773e-05
2583,175,140,0.4451093465780935
2584,175,145,0.7642226285596454
2585,175,150,0.7709300156361932
2586,175,155,0.36019762133150773
2587,175,160,-0.4451254541773448
2588,175,165,-1.4893621851811656
2589,175,170,-2.5243116191948625
2590,175,175,-3.2826963538168403
2591,175,180,-3.5607959473237125
2592,175,185,-3.2826633216699683
2593,175,190,-2.524254539691215
2594,175,195,-1.4892961787128765
2595,175,200,-0.4450670427909413
2596,175,205,0.36023554082490533
2597,175,210,0.7709418266288033
2598,175,215,0.7642111148570389
2599,175,220,0.44508400981541135
2600,175,225,-1.6703397337335176e-05
2601,175,230,-0.3734938316078976
2602,175,235,-0.5351125150822579
2603,175,240,-0.4450913103023428
2604,175,245,-0.16795690481213088
2605,175,250,0.1620158729720413
2606,175,255,0.39907181541486864
2607,175,260,0.445096785838272
2608,175,265,0.2871865165920042
2609,175,270,-1.4173349642269762e-05
2610,175,275,-0.2872085143867805
2611,175,280,-0.4451024088795406
2612,175,285,-0.3990579932772832
2613,175,290,-0.16198799564406657
2614,175,295,0.16798691920748765
2615,175,300,0.445109721934289
2616,175,305,0.5351094886729345
2617,175,310,0.3734679795946
2618,175,315,-2.3384942430178485e-05
2619,175,320,-0.44512201478343894
2620,175,325,-0.7642283849678623
2621,175,330,-0.7709241095454594
2622,175,335,-0.3601786610214328
2623,175,340,0.4451546602131522
2624,175,345,1.489395188404796
2625,175,350,2.524340158555456
2626,175,355,3.2827128692087215
2627,175,360,3.5607959465338967
2628,180,0,-0.00011008957273322318
2629,180,5,-0.00010149102226064024
2630,180,10,-7.804357502604601e-05
2631,180,15,-4.6045776201010114e-05
2632,180,20,-1.3761096263157951e-05
2633,180,25,1.1136861001504347e-05
2634,180,30,2.3835122100017686e-05
2635,180,35,2.362738840880913e-05
2636,180,40,1.3761109553980878e-05
2637,180,45,-1.0328447812079963e-10
2638,180,50,-1.1547088990455378e-05
2639,180,55,-1.6544109234164502e-05
2640,180,60,-1.3761133342736676e-05
2641,180,65,-5.1930539098589785e-06
2642,180,70,5.008777672987547e-06
2643,180,75,1.2338010683951172e-05
2644,180,80,1.3761170835606853e-05
2645,180,85,8.879208083811345e-06
2646,180,90,-1.4606640665016303e-10
2647,180,95,-8.879434786666923e-06
2648,180,100,-1.3761228785029766e-05
2649,180,105,-1.2337868237033534e-05
2650,180,110,-5.008490377378096e-06
2651,180,115,5.1933632294614166e-06
2652,180,120,1.3761323087644272e-05
2653,180,125,1.6544078044872915e-05
2654,180,130,1.1546822567148106e-05
2655,180,135,-3.098542565912716e-10
2656,180,140,-1.3761501222094229e-05
2657,180,145,-2.3627566389533143e-05
2658,180,150,-2.3834939512925373e-05
2659,180,155,-1.1136274814843292e-05
2660,180,160,1.3761999222750663e-05
2661,180,165,4.604679656601096e-05
2662,180,170,7.804445738908337e-05
2663,180,175,0.00010149153288312018
2664,180,180,0.00011008957272508355
2665,180,185,0.00010149051162411262
2666,180,190,7.8042692654945e-05
2667,180,195,4.604475583579262e-05
2668,180,200,1.3760193310626921e-05
2669,180,205,-1.1137447176553384e-05
2670,180,210,-2.3835304674858023e-05
2671,180,215,-2.362721041895264e-05
2672,180,220,-1.376071788224011e-05
2673,180,225,5.164210202234752e-10
2674,180,230,1.1547355407453716e-05
2675,180,235,1.6544140416000943e-05
2676,180,240,1.3760943592305739e-05
2677,180,245,5.192744588718232e-06
2678,180,250,-5.00906496582011e-06
2679,180,255,-1.2338153125192906e-05
2680,180,260,-1.3761112880133464e-05
2681,180,265,-8.878981377122035e-06
2682,180,270,4.381992198607845e-10
2683,180,275,8.87966148568867e-06
2684,180,280,1.3761286728402176e-05
2685,180,285,1.233772578444004e-05
2686,180,290,5.008203078991756e-06
2687,180,295,-5.193672547525563e-06
2688,180,300,-1.3761512827028572e-05
2689,180,305,-1.6544046848126164e-05
2690,180,310,-1.1546556137532015e-05
2691,180,315,7.229951837801795e-10
2692,180,320,1.3761892886580005e-05
2693,180,325,2.3627744361124445e-05
2694,180,330,2.3834756913581016e-05
2695,180,335,1.113568861657028e-05
2696,180,340,-1.3762902189404914e-05
2697,180,345,-4.604781693079507e-05
2698,180,350,-7.804533974405681e-05
2699,180,355,-0.00010149204349155225
2700,180,360,-0.00011008957270066472
